group	label	showSelected1
1	Cluster 28: 261/2838 pixels shown, logFC -4.2 to 4.9, log10(p) 0.0 to 3.2	28
1	Cluster 91: 963/2732 pixels shown, logFC -4.4 to 4.6, log10(p) 0.0 to 2.6	91
1	Cluster 158: 112/2526 pixels shown, logFC -4.0 to 4.4, log10(p) 0.0 to 2.3	158
1	Cluster 418: 57/69 pixels shown, logFC -3.1 to 3.6, log10(p) 0.0 to 1.4	418
1	Cluster 602: 3/82 pixels shown, logFC -3.8 to 2.8, log10(p) 0.0 to 1.5	602
1	Cluster 820: 143/208 pixels shown, logFC -3.8 to 3.3, log10(p) 0.0 to 2.0	820
1	Cluster 1119: 17/17 pixels shown, logFC -3.1 to 2.8, log10(p) 0.2 to 1.0	1119
1	Cluster 1176: 4/16 pixels shown, logFC 0.2 to 3.6, log10(p) 0.0 to 1.4	1176
1	Cluster 1210: 40/40 pixels shown, logFC 0.2 to 3.6, log10(p) 0.0 to 1.7	1210
1	Cluster 1461: 10/10 pixels shown, logFC -0.6 to 2.8, log10(p) 0.2 to 1.0	1461
1	Cluster 1595: 10/16 pixels shown, logFC 0.7 to 3.3, log10(p) 0.2 to 1.1	1595
1	Cluster 1647: 60/60 pixels shown, logFC -1.8 to 3.6, log10(p) 0.0 to 1.7	1647
1	Cluster 1675: 31/31 pixels shown, logFC -0.2 to 3.6, log10(p) 0.0 to 1.7	1675
1	Cluster 1717: 11/11 pixels shown, logFC -3.5 to 0.2, log10(p) 0.0 to 1.2	1717
1	Cluster 1907: 2/11 pixels shown, logFC -3.8 to -1.1, log10(p) 0.3 to 1.5	1907
1	Cluster 2341: 45/45 pixels shown, logFC -1.8 to 3.6, log10(p) 0.0 to 1.4	2341
1	Cluster 2384: 1/19 pixels shown, logFC -3.1 to 0.2, log10(p) 0.0 to 1.0	2384
1	Cluster 2387: 97/169 pixels shown, logFC -3.1 to 4.2, log10(p) 0.0 to 2.0	2387
1	Cluster 2392: 2/22 pixels shown, logFC -3.5 to -0.5, log10(p) 0.2 to 1.2	2392
1	Cluster 2521: 6/6 pixels shown, logFC 1.5 to 3.6, log10(p) 0.4 to 1.4	2521
1	Cluster 2783: 8/8 pixels shown, logFC 2.0 to 2.8, log10(p) 0.4 to 1.0	2783
1	Cluster 3026: 14/14 pixels shown, logFC -3.1 to 0.2, log10(p) 0.0 to 1.0	3026
1	Cluster 3131: 1/4 pixels shown, logFC -3.1 to -1.8, log10(p) 0.4 to 1.0	3131
1	Cluster 3135: 8/8 pixels shown, logFC -3.1 to -0.6, log10(p) 0.2 to 1.0	3135
1	Cluster 3218: 7/7 pixels shown, logFC -3.1 to 0.2, log10(p) 0.0 to 1.0	3218
