group	fill	clickSelects
2	#FFFFFF	144
3	#FFFFFF	144
4	#FFFFFF	144
5	#FFFFFF	144
6	#FFFFFF	144
7	#FFFEFE	780
8	#FFFEFE	780
9	#FFFEFE	780
10	#FFFEFE	780
11	#FFFEFE	780
12	#FFFEFE	780
13	#FFFEFE	780
14	#FFFFFF	144
15	#FFFEFE	780
16	#FFFEFE	780
17	#FFFFFF	144
18	#FFFFFF	144
19	#FFFFFF	144
20	#FFFFFF	144
21	#FFFFFF	144
22	#FFFFFF	144
23	#FFFFFF	144
24	#FFFFFF	144
25	#FFFEFE	780
26	#FFFFFF	144
27	#FFFFFF	144
28	#FFFFFF	144
29	#FFFFFF	144
30	#FFFFFF	1458
31	#FFFFFF	1458
32	#FFFFFF	1458
34	#FFFFFF	144
36	#FFFFFF	144
38	#FFFFFF	2889
39	#FFFFFF	2889
41	#FFFFFF	337
46	#FFFFFF	144
47	#FFFEFE	780
48	#FFFFFF	144
49	#FFFFFF	144
50	#FFFFFF	144
52	#FFFFFF	144
53	#FFFFFF	144
54	#FFFFFF	144
55	#FFFFFF	144
56	#FFFFFF	144
57	#FFFEFE	780
58	#FFFEFE	780
59	#FFFEFE	780
60	#FFFEFE	780
61	#FFFEFE	780
62	#FFFEFE	780
63	#FFFEFE	780
64	#FFFEFE	780
65	#FFFEFE	780
66	#FFFEFE	780
67	#FFFFFF	144
68	#FFFFFF	144
69	#FFFFFF	144
70	#FFFFFF	144
71	#FFFFFF	144
72	#FFFFFF	144
73	#FFFFFF	144
74	#FFFFFF	144
75	#FFFEFE	780
76	#FFFFFF	144
77	#FFFFFF	144
78	#FFFFFF	144
79	#FFFFFF	144
80	#FFFFFF	144
81	#FFFFFF	144
83	#FFFFFF	144
84	#FFFFFF	144
86	#FFFEFE	780
87	#FFFFFF	144
89	#FFFFFF	2889
90	#FFFFFF	2889
97	#FFFEFE	780
98	#FFFEFE	780
99	#FFFEFE	780
100	#FFFEFE	780
101	#FFFFFF	144
103	#FFFFFF	144
104	#FFFFFF	144
105	#FFFFFF	144
106	#FFFFFF	144
107	#FFFFFF	144
108	#FFFEFE	780
109	#FFFEFE	780
110	#FFFEFE	780
111	#FFFEFE	780
112	#FFFEFE	780
113	#FFFEFE	780
114	#FFFEFE	780
115	#FFFEFE	780
116	#FFFEFE	780
117	#FFFEFE	780
118	#FFFFFF	144
119	#FFFFFF	144
120	#FFFFFF	144
121	#FFFFFF	144
122	#FFFFFF	144
123	#FFFFFF	144
124	#FFFFFF	144
125	#FFFFFF	144
126	#FFFEFE	780
127	#FFFFFF	144
128	#FFFFFF	144
129	#FFFFFF	144
130	#FFFFFF	144
131	#FFFFFF	144
132	#FFFFFF	144
134	#FFFFFF	144
135	#FFFFFF	144
137	#FFFEFE	780
139	#FFFFFF	144
141	#FFFFFF	2889
147	#FFFEFE	780
148	#FFFEFE	780
149	#FFFEFE	780
150	#FFFFFF	144
151	#FFFFFF	144
153	#FFFFFF	144
154	#FFFFFF	144
155	#FFFEFE	780
156	#FFFEFE	780
157	#FFFEFE	780
158	#FFFEFE	780
159	#FFFEFE	780
160	#FFFEFE	780
161	#FFFEFE	780
162	#FFFEFE	780
163	#FFFEFE	780
164	#FFFEFE	780
165	#FFFFFF	144
166	#FFFFFF	144
167	#FFFFFF	144
168	#FFFFFF	144
169	#FFFFFF	144
170	#FFFFFF	144
171	#FFFFFF	144
172	#FFFFFF	144
173	#FFFFFF	144
174	#FFFFFF	144
175	#FFFFFF	144
176	#FFFFFF	144
177	#FFFFFF	144
178	#FFFFFF	144
179	#FFFFFF	144
180	#FFFFFF	144
181	#FFFFFF	144
182	#FFFFFF	144
187	#FFFEFE	780
198	#FFFEFE	780
199	#FFFEFE	780
200	#FFFEFE	780
201	#FFFEFE	780
202	#FFFEFE	780
204	#FFFFFF	144
205	#FFFFFF	144
206	#FFFEFE	780
207	#FFFEFE	780
208	#FFFEFE	780
209	#FFFEFE	780
210	#FFFEFE	780
211	#FFFEFE	780
212	#FFFEFE	780
213	#FFFEFE	780
214	#FFFEFE	780
215	#FFFEFE	780
216	#FFFFFF	144
217	#FFFFFF	144
218	#FFFFFF	144
219	#FFFFFF	144
220	#FFFFFF	144
221	#FFFFFF	144
222	#FFFFFF	144
223	#FFFFFF	144
224	#FFFFFF	144
225	#FFFFFF	144
226	#FFFFFF	144
227	#FFFFFF	144
228	#FFFFFF	144
229	#FFFFFF	144
230	#FFFFFF	144
231	#FFFFFF	144
232	#FFFFFF	144
238	#FFFEFE	780
248	#FFFEFE	780
249	#FFFEFE	780
250	#FFFEFE	780
251	#FFFEFE	780
252	#FFFEFE	780
254	#FFFFFF	144
255	#FFFFFF	144
256	#FFFEFE	780
257	#FFFEFE	780
258	#FFFEFE	780
259	#FFFEFE	780
260	#FFFEFE	780
261	#FFFEFE	780
262	#FFFEFE	780
263	#FFFEFE	780
264	#FFFEFE	780
265	#FFFEFE	780
266	#FFFFFF	144
267	#FFFFFF	144
268	#FFFFFF	144
269	#FFFFFF	144
270	#FFFFFF	144
271	#FFFFFF	144
272	#FFFFFF	144
273	#FFFFFF	144
274	#FFFFFF	144
275	#FFFFFF	144
276	#FFFFFF	144
277	#FFFFFF	144
278	#FFFFFF	144
279	#FFFFFF	144
280	#FFFFFF	144
281	#FFFFFF	144
282	#FFFFFF	144
288	#FFFEFE	780
299	#FFFEFE	780
300	#FFFEFE	780
301	#FFFEFE	780
302	#FFFEFE	780
303	#FFFEFE	780
305	#FFFFFF	144
306	#FFFFFF	144
307	#FFFEFE	780
308	#FFFEFE	780
309	#FFFEFE	780
310	#FFFEFE	780
311	#FFFEFE	780
312	#FFFEFE	780
313	#FFFEFE	780
314	#FFFEFE	780
315	#FFFEFE	780
316	#FFFEFE	780
317	#FFFFFF	144
318	#FFFFFF	144
319	#FFFEFE	780
320	#FFFFFF	144
321	#FFFFFF	144
322	#FFFFFF	144
323	#FFFFFF	144
324	#FFFFFF	144
325	#FFFFFF	144
326	#FFFFFF	144
327	#FFFFFF	144
328	#FFFFFF	144
329	#FFFFFF	144
330	#FFFFFF	144
331	#FFFFFF	144
332	#FFFFFF	144
339	#FFFEFE	780
349	#FFFEFE	780
350	#FFFEFE	780
351	#FFFEFE	780
352	#FFFEFE	780
353	#FFFEFE	780
355	#FFFFFF	144
356	#FFFFFF	144
357	#FFFEFE	780
358	#FFFEFE	780
359	#FFFEFE	780
360	#FFFEFE	780
361	#FFFEFE	780
362	#FFFEFE	780
363	#FFFEFE	780
364	#FFFEFE	780
365	#FFFEFE	780
366	#FFFEFE	780
367	#FFFFFF	144
368	#FFFEFE	780
369	#FFFEFE	780
370	#FFFFFF	144
371	#FFFFFF	144
372	#FFFFFF	144
373	#FFFFFF	144
374	#FFFFFF	144
375	#FFFFFF	144
376	#FFFFFF	144
377	#FFFFFF	144
378	#FFFEFE	780
379	#FFFFFF	144
380	#FFFFFF	144
381	#FFFFFF	144
382	#FFFFFF	144
389	#FFFEFE	780
400	#FFFEFE	780
401	#FFFEFE	780
402	#FFFEFE	780
403	#FFFEFE	780
404	#FFFEFE	780
406	#FFFFFF	144
407	#FFFFFF	144
408	#FFFEFE	780
409	#FFFEFE	780
410	#FFFEFE	780
411	#FFFEFE	780
412	#FFFEFE	780
413	#FFFEFE	780
414	#FFFEFE	780
415	#FFFEFE	780
416	#FFFEFE	780
417	#FFFEFE	780
418	#FFFEFE	780
419	#FFFEFE	780
420	#FFFFFF	144
421	#FFFFFF	144
422	#FFFFFF	144
423	#FFFFFF	144
424	#FFFFFF	144
425	#FFFFFF	144
426	#FFFFFF	144
427	#FFFFFF	144
428	#FFFFFF	144
429	#FFFEFE	780
430	#FFFFFF	144
431	#FFFFFF	144
432	#FFFFFF	144
440	#FFFEFE	780
450	#FFFEFE	780
451	#FFFEFE	780
452	#FFFEFE	780
453	#FFFEFE	780
454	#FFFEFE	780
456	#FFFFFF	144
457	#FFFEFE	780
458	#FFFEFE	780
459	#FFFEFE	780
460	#FFFEFE	780
461	#FFFEFE	780
462	#FFFEFE	780
463	#FFFEFE	780
464	#FFFEFE	780
465	#FFFEFE	780
466	#FFFEFE	780
467	#FFFEFE	780
468	#FFFFFF	144
469	#FFFEFE	780
470	#FFFFFF	144
471	#FFFFFF	144
472	#FFFFFF	144
473	#FFFFFF	144
474	#FFFFFF	144
475	#FFFFFF	144
476	#FFFFFF	144
477	#FFFFFF	144
478	#FFFFFF	144
479	#FFFEFE	780
480	#FFFFFF	144
481	#FFFFFF	144
482	#FFFFFF	144
490	#FFFEFE	780
501	#FFFEFE	780
502	#FFFEFE	780
503	#FFFEFE	780
504	#FFFEFE	780
505	#FFFEFE	780
507	#FFFFFF	144
508	#FFFEFE	780
509	#FFFEFE	780
510	#FFFEFE	780
511	#FFFEFE	780
512	#FFFEFE	780
513	#FFFEFE	780
514	#FFFEFE	780
515	#FFFEFE	780
516	#FFFEFE	780
517	#FFFEFE	780
518	#FFFEFE	780
519	#FFFFFF	144
520	#FFFEFE	780
521	#FFFFFF	144
522	#FFFFFF	144
523	#FFFFFF	144
524	#FFFFFF	144
525	#FFFFFF	144
526	#FFFFFF	144
527	#FFFFFF	144
528	#FFFFFF	144
529	#FFFFFF	144
530	#FFFEFE	780
531	#FFFFFF	144
532	#FFFFFF	144
541	#FFFEFE	780
551	#FFFEFE	780
552	#FFFEFE	780
553	#FFFEFE	780
554	#FFFEFE	780
555	#FFFEFE	780
557	#FFFFFF	144
558	#FFFFFF	144
559	#FFFEFE	780
560	#FFFEFE	780
561	#FFFEFE	780
562	#FFFEFE	780
563	#FFFEFE	780
564	#FFFEFE	780
565	#FFFEFE	780
566	#FFFEFE	780
567	#FFFEFE	780
568	#FFFEFE	780
569	#FFFEFE	780
570	#FFFEFE	780
571	#FFFFFF	144
572	#FFFFFF	144
573	#FFFFFF	144
574	#FFFFFF	144
575	#FFFFFF	144
576	#FFFFFF	144
577	#FFFFFF	144
578	#FFFFFF	144
579	#FFFFFF	144
580	#FFFEFE	780
581	#FFFFFF	144
582	#FFFFFF	144
591	#FFFEFE	780
602	#FFFEFE	780
603	#FFFEFE	780
604	#FFFEFE	780
605	#FFFEFE	780
606	#FFFEFE	780
608	#FFFFFF	144
609	#FFFEFE	780
610	#FFFEFE	780
611	#FFFEFE	780
612	#FFFEFE	780
613	#FFFEFE	780
614	#FFFEFE	780
615	#FFFEFE	780
616	#FFFEFE	780
617	#FFFEFE	780
618	#FFFEFE	780
619	#FFFEFE	780
620	#FFFEFE	780
621	#FFFFFF	144
622	#FFFFFF	144
623	#FFFFFF	144
624	#FFFFFF	144
625	#FFFFFF	144
626	#FFFFFF	144
627	#FFFFFF	144
628	#FFFFFF	144
629	#FFFFFF	144
630	#FFFFFF	144
631	#FFFEFE	780
632	#FFFFFF	144
642	#FFFEFE	780
652	#FFFEFE	780
653	#FFFEFE	780
654	#FFFFFF	144
655	#FFFEFE	780
656	#FFFEFE	780
658	#FFFFFF	144
659	#FFFFFF	144
660	#FFFEFE	780
661	#FFFEFE	780
662	#FFFEFE	780
663	#FFFEFE	780
664	#FFFEFE	780
665	#FFFEFE	780
666	#FFFEFE	780
667	#FFFEFE	780
668	#FFFEFE	780
669	#FFFEFE	780
670	#FFFFFF	144
671	#FFFEFE	780
672	#FFFFFF	144
673	#FFFFFF	144
674	#FFFFFF	144
675	#FFFFFF	144
676	#FFFFFF	144
677	#FFFFFF	144
678	#FFFFFF	144
679	#FFFFFF	144
680	#FFFFFF	144
681	#FFFEFE	780
682	#FFFFFF	144
692	#FFFEFE	780
703	#FFFEFE	780
704	#FFFEFE	780
705	#FFFFFF	144
706	#FFFFFF	144
707	#FFFFFF	144
709	#FFFFFF	144
710	#FFFFFF	144
711	#FFFEFE	780
712	#FFFEFE	780
713	#FFFEFE	780
714	#FFFEFE	780
715	#FFFEFE	780
716	#FFFEFE	780
717	#FFFEFE	780
718	#FFFEFE	780
719	#FFFEFE	780
720	#FFFEFE	780
721	#FFFEFE	780
722	#FFFEFE	780
723	#FFFEFE	780
724	#FFFEFE	780
725	#FFFFFF	144
726	#FFFFFF	144
727	#FFFFFF	144
728	#FFFFFF	144
729	#FFFFFF	144
730	#FFFFFF	144
731	#FFFFFF	144
732	#FFFEFE	780
743	#FFFEFE	780
753	#FFFEFE	780
754	#FFFFFF	144
755	#FFFFFF	144
756	#FFFFFF	144
757	#FFFFFF	144
759	#FFFFFF	144
760	#FFFFFF	144
761	#FFFEFE	780
762	#FFFEFE	780
763	#FFFEFE	780
764	#FFFEFE	780
765	#FFFEFE	780
766	#FFFEFE	780
767	#FFFEFE	780
768	#FFFEFE	780
769	#FFFEFE	780
770	#FFFEFE	780
771	#FFFFFF	144
772	#FFFEFE	780
773	#FFFEFE	780
774	#FFFEFE	780
775	#FFFFFF	144
776	#FFFFFF	144
777	#FFFFFF	144
778	#FFFFFF	144
779	#FFFFFF	144
780	#FFFFFF	144
781	#FFFFFF	144
782	#FFFFFF	144
793	#FFFEFE	780
804	#FFFEFE	780
805	#FFFFFF	144
806	#FFFFFF	144
807	#FFFFFF	144
808	#FFFEFE	780
810	#FFFFFF	144
811	#FFFFFF	144
812	#FFFEFE	780
813	#FFFEFE	780
814	#FFFEFE	780
815	#FFFEFE	780
816	#FFFEFE	780
817	#FFFEFE	780
818	#FFFEFE	780
819	#FFFFFF	144
820	#FFFEFE	780
821	#FFFEFE	780
822	#FFFFFF	144
823	#FFFEFE	780
824	#FFFEFE	780
825	#FFFFFF	144
826	#FFFFFF	144
827	#FFFFFF	144
828	#FFFFFF	144
829	#FFFFFF	144
830	#FFFFFF	144
831	#FFFFFF	144
833	#FFFFFF	144
844	#FFFFFF	144
854	#FFFFFF	144
855	#FFFFFF	144
856	#FFFFFF	144
857	#FFFFFF	144
858	#FFFEFE	780
860	#FFFFFF	144
861	#FFFFFF	144
862	#FFFEFE	780
863	#FFFFFF	144
864	#FFFFFF	144
865	#FFFEFE	780
866	#FFFEFE	780
867	#FFFFFF	144
868	#FFFFFF	144
869	#FFFFFF	144
870	#FFFFFF	144
871	#FFFEFE	780
872	#FFFFFF	144
873	#FFFEFE	780
874	#FFFEFE	780
875	#FFFFFF	144
876	#FFFFFF	144
877	#FFFFFF	144
878	#FFFFFF	144
879	#FFFFFF	144
880	#FFFFFF	144
881	#FFFFFF	144
883	#FFFFFF	144
894	#FFFFFF	144
905	#FFFFFF	144
906	#FFFFFF	144
907	#FFFFFF	144
908	#FFFFFF	144
909	#FFFFFF	144
911	#FFFFFF	144
912	#FFFFFF	144
913	#FFFFFF	144
914	#FFFFFF	144
915	#FFFFFF	144
916	#FFFEFE	780
917	#FFFEFE	780
918	#FFFFFF	144
919	#FFFFFF	144
920	#FFFFFF	144
921	#FFFEFE	780
922	#FFFFFF	144
923	#FFFFFF	144
924	#FFFEFE	780
925	#FFFEFE	780
926	#FFFEFE	780
927	#FFFFFF	144
928	#FFFFFF	144
929	#FFFFFF	144
930	#FFFFFF	144
931	#FFFFFF	144
934	#FFFFFF	144
945	#FFFFFF	144
955	#FFFFFF	144
956	#FFFFFF	144
957	#FFFFFF	144
958	#FFFFFF	144
959	#FFFFFF	144
961	#FFFFFF	144
962	#FFFFFF	144
963	#FFFFFF	144
964	#FFFFFF	144
965	#FFFFFF	144
966	#FFFFFF	144
967	#FFFFFF	144
968	#FFFEFE	780
969	#FFFFFF	144
970	#FFFFFF	144
971	#FFFEFE	780
972	#FFFFFF	144
973	#FFFFFF	144
974	#FFFFFF	144
975	#FFFFFF	144
976	#FFFEFE	780
977	#FFFFFF	144
978	#FFFFFF	144
979	#FFFFFF	144
980	#FFFFFF	144
981	#FFFFFF	144
984	#FFFFFF	144
995	#FFFFFF	144
1006	#FFFFFF	144
1007	#FFFFFF	144
1008	#FFFFFF	144
1009	#FFFFFF	144
1010	#FFFFFF	144
1012	#FFFFFF	144
1013	#FFFFFF	144
1014	#FFFFFF	144
1015	#FFFFFF	144
1016	#FFFFFF	144
1017	#FFFFFF	144
1018	#FFFEFE	780
1019	#FFFFFF	144
1020	#FFFFFF	144
1021	#FFFFFF	144
1022	#FFFEFE	780
1023	#FFFFFF	144
1024	#FFFFFF	144
1025	#FFFFFF	144
1026	#FFFEFE	780
1027	#FFFEFE	780
1028	#FFFFFF	144
1029	#FFFFFF	144
1030	#FFFFFF	144
1031	#FFFFFF	144
1035	#FFFFFF	144
1046	#FFFFFF	144
1056	#FFFFFF	144
1057	#FFFFFF	144
1058	#FFFFFF	144
1059	#FFFFFF	144
1060	#FFFFFF	144
1062	#FFFFFF	144
1063	#FFFFFF	144
1064	#FFFFFF	144
1065	#FFFFFF	144
1066	#FFFFFF	144
1067	#FFFFFF	144
1068	#FFFFFF	144
1069	#FFFFFF	144
1070	#FFFFFF	144
1071	#FFFFFF	144
1072	#FFFFFF	144
1073	#FFFFFF	144
1074	#FFFFFF	144
1075	#FFFFFF	144
1076	#FFFFFF	144
1077	#FFFEFE	780
1078	#FFFFFF	144
1079	#FFFFFF	144
1080	#FFFFFF	144
1081	#FFFFFF	144
1085	#FFFFFF	144
1096	#FFFFFF	144
1107	#FFFFFF	144
1108	#FFFFFF	144
1109	#FFFFFF	144
1110	#FFFFFF	144
1111	#FFFFFF	144
1113	#FFFFFF	144
1114	#FFFFFF	144
1115	#FFFFFF	144
1116	#FFFFFF	144
1117	#FFFFFF	144
1118	#FFFFFF	144
1119	#FFFFFF	144
1120	#FFFFFF	144
1121	#FFFFFF	144
1122	#FFFFFF	144
1123	#FFFFFF	144
1124	#FFFFFF	144
1125	#FFFFFF	144
1126	#FFFFFF	144
1127	#FFFEFE	780
1128	#FFFEFE	780
1129	#FFFEFE	780
1130	#FFFFFF	144
1131	#FFFFFF	144
1136	#FFFFFF	144
1147	#FFFFFF	144
1157	#FFFFFF	144
1158	#FFFFFF	144
1159	#FFFFFF	144
1160	#FFFFFF	144
1161	#FFFFFF	144
1163	#FFFFFF	144
1164	#FFFFFF	144
1165	#FFFFFF	144
1166	#FFFFFF	144
1167	#FFFFFF	144
1168	#FFFFFF	144
1169	#FFFFFF	144
1170	#FFFEFE	780
1171	#FFFEFE	780
1172	#FFFEFE	780
1173	#FFFEFE	780
1174	#FFFEFE	780
1175	#FFFEFE	780
1176	#FFFEFE	780
1177	#FFFEFE	780
1178	#FFFFFF	144
1179	#FFFFFF	144
1180	#FFFFFF	144
1181	#FFFFFF	144
1182	#FFFFFF	144
1183	#FFFFFF	144
1184	#FFFFFF	144
1185	#FFFFFF	144
1186	#FFFFFF	144
1187	#FFFFFF	144
1188	#FFFFFF	144
1189	#FFFFFF	144
1190	#FFFFFF	144
1191	#FFFFFF	144
1192	#FFFFFF	144
1193	#FFFFFF	144
1194	#FFFFFF	1458
1195	#FFFFFF	144
1197	#FFFFFF	144
1199	#FFFFFF	144
1200	#FFFFFF	144
1201	#FFFFFF	2889
1208	#FFFEFE	780
1209	#FFFEFE	780
1210	#FFFEFE	780
1211	#FFFFFF	144
1212	#FFFFFF	144
1214	#FFFFFF	144
1215	#FFFFFF	144
1216	#FFFFFF	144
1217	#FFFFFF	144
1218	#FFFFFF	144
1219	#FFFFFF	144
1220	#FFFEFE	780
1221	#FFFEFE	780
1222	#FFFEFE	780
1223	#FFFEFE	780
1224	#FFFEFE	780
1225	#FFFEFE	780
1226	#FFFFFF	144
1227	#FFFEFE	780
1228	#FFFFFF	144
1229	#FFFFFF	144
1230	#FFFFFF	144
1231	#FFFFFF	144
1232	#FFFFFF	144
1233	#FFFFFF	144
1234	#FFFFFF	144
1235	#FFFFFF	144
1236	#FFFFFF	144
1237	#FFFFFF	144
1238	#FFFFFF	144
1239	#FFFFFF	144
1240	#FFFFFF	144
1241	#FFFFFF	144
1242	#FFFFFF	144
1243	#FFFFFF	144
1244	#FFFFFF	144
1246	#FFFFFF	144
1247	#FFFFFF	2889
1248	#FFFEFE	780
1250	#FFFFFF	144
1251	#FFFFFF	2889
1258	#FFFEFE	780
1259	#FFFEFE	780
1260	#FFFEFE	780
1261	#FFFEFE	780
1262	#FFFFFF	144
1264	#FFFFFF	144
1265	#FFFFFF	144
1266	#FFFFFF	144
1267	#FFFFFF	144
1268	#FFFFFF	144
1269	#FFFFFF	144
1270	#FFFFFF	144
1271	#FFFFFF	144
1272	#FFFFFF	144
1273	#FFFFFF	144
1274	#FFFFFF	144
1275	#FFFFFF	144
1276	#FFFFFF	144
1277	#FFFEFE	780
1278	#FFFEFE	780
1279	#FFFEFE	780
1280	#FFFEFE	780
1281	#FFFFFF	144
1282	#FFFFFF	144
1287	#FFFFFF	144
1298	#FFFFFF	144
1309	#FFFFFF	144
1310	#FFFFFF	144
1311	#FFFFFF	144
1312	#FFFFFF	144
1313	#FFFFFF	144
1315	#FFFFFF	144
1316	#FFFFFF	144
1317	#FFFFFF	144
1318	#FFFFFF	144
1319	#FFFFFF	144
1320	#FFFFFF	144
1321	#FFFFFF	144
1322	#FFFFFF	144
1323	#FFFFFF	144
1324	#FFFFFF	144
1325	#FFFFFF	144
1326	#FFFEFE	780
1327	#FFFFFF	144
1328	#FFFEFE	780
1329	#FFFFFF	144
1330	#FFFEFE	780
1331	#FFFFFF	144
1332	#FFFFFF	144
1338	#FFFFFF	144
1349	#FFFFFF	144
1359	#FFFFFF	144
1360	#FFFFFF	144
1361	#FFFFFF	144
1362	#FFFFFF	144
1363	#FFFFFF	144
1365	#FFFFFF	144
1366	#FFFFFF	144
1367	#FFFFFF	144
1368	#FFFFFF	144
1369	#FFFFFF	144
1370	#FFFFFF	144
1371	#FFFFFF	144
1372	#FFFFFF	144
1373	#FFFFFF	144
1374	#FFFFFF	144
1375	#FFFFFF	144
1376	#FFFFFF	144
1377	#FFFFFF	144
1378	#FFFEFE	780
1379	#FFFEFE	780
1380	#FFFFFF	144
1381	#FFFFFF	144
1382	#FFFFFF	144
1388	#FFFFFF	144
1399	#FFFFFF	144
1410	#FFFFFF	144
1411	#FFFFFF	144
1412	#FFFFFF	144
1413	#FFFFFF	144
1414	#FFFFFF	144
1416	#FFFFFF	144
1417	#FFFFFF	144
1418	#FFFFFF	144
1419	#FFFFFF	144
1420	#FFFFFF	144
1421	#FFFFFF	144
1422	#FFFFFF	144
1423	#FFFFFF	144
1424	#FFFFFF	144
1425	#FFFFFF	144
1426	#FFFFFF	144
1427	#FFFEFE	780
1428	#FFFFFF	144
1429	#FFFEFE	780
1430	#FFFFFF	144
1431	#FFFFFF	144
1432	#FFFFFF	144
1439	#FFFFFF	144
1450	#FFFFFF	144
1460	#FFFFFF	144
1461	#FFFFFF	144
1462	#FFFFFF	144
1463	#FFFFFF	144
1464	#FFFFFF	144
1466	#FFFFFF	144
1467	#FFFFFF	144
1468	#FFFFFF	144
1469	#FFFFFF	144
1470	#FFFFFF	144
1471	#FFFFFF	144
1472	#FFFFFF	144
1473	#FFFFFF	144
1474	#FFFFFF	144
1475	#FFFFFF	144
1476	#FFFFFF	144
1477	#FFFFFF	144
1478	#FFFFFF	144
1479	#FFFEFE	780
1480	#FFFFFF	144
1481	#FFFFFF	144
1482	#FFFFFF	144
1489	#FFFFFF	144
1500	#FFFFFF	144
1511	#FFFFFF	144
1512	#FFFFFF	144
1513	#FFFFFF	144
1514	#FFFFFF	144
1515	#FFFFFF	144
1517	#FFFFFF	144
1518	#FFFFFF	144
1519	#FFFFFF	144
1520	#FFFFFF	144
1521	#FFFFFF	144
1522	#FFFFFF	144
1523	#FFFFFF	144
1524	#FFFFFF	144
1525	#FFFFFF	144
1526	#FFFFFF	144
1527	#FFFEFE	780
1528	#FFFEFE	780
1529	#FFFFFF	144
1530	#FFFFFF	144
1531	#FFFFFF	144
1532	#FFFFFF	144
1540	#FFFFFF	144
1551	#FFFFFF	144
1561	#FFFFFF	144
1562	#FFFFFF	144
1563	#FFFFFF	144
1564	#FFFFFF	144
1565	#FFFFFF	144
1567	#FFFFFF	144
1568	#FFFFFF	144
1569	#FFFFFF	144
1570	#FFFFFF	144
1571	#FFFFFF	144
1572	#FFFFFF	144
1573	#FFFFFF	144
1574	#FFFFFF	144
1575	#FFFFFF	144
1576	#FFFFFF	144
1577	#FFFEFE	780
1578	#FFFEFE	780
1579	#FFFFFF	144
1580	#FFFFFF	144
1581	#FFFFFF	144
1582	#FFFFFF	144
1590	#FFFFFF	144
1601	#FFFFFF	144
1612	#FFFFFF	144
1613	#FFFFFF	144
1614	#FFFFFF	144
1615	#FFFFFF	144
1616	#FFFFFF	144
1618	#FFFFFF	144
1619	#FFFFFF	144
1620	#FFFFFF	144
1621	#FFFFFF	144
1622	#FFFFFF	144
1623	#FFFFFF	144
1624	#FFFFFF	144
1625	#FFFFFF	144
1626	#FFFFFF	144
1627	#FFFEFE	780
1628	#FFFEFE	780
1629	#FFFFFF	144
1630	#FFFFFF	144
1631	#FFFFFF	144
1632	#FFFFFF	144
1641	#FFFFFF	144
1652	#FFFFFF	144
1662	#FFFFFF	144
1663	#FFFFFF	144
1664	#FFFFFF	144
1665	#FFFFFF	144
1666	#FFFFFF	144
1668	#FFFFFF	144
1669	#FFFFFF	144
1670	#FFFFFF	144
1671	#FFFFFF	144
1672	#FFFFFF	144
1673	#FFFFFF	144
1674	#FFFFFF	144
1675	#FFFFFF	144
1676	#FFFFFF	144
1677	#FFFFFF	144
1678	#FFFEFE	780
1679	#FFFFFF	144
1680	#FFFFFF	144
1681	#FFFFFF	144
1682	#FFFFFF	144
1691	#FFFFFF	144
1702	#FFFFFF	144
1713	#FFFFFF	144
1714	#FFFFFF	144
1715	#FFFFFF	144
1716	#FFFFFF	144
1717	#FFFFFF	144
1719	#FFFFFF	144
1720	#FFFFFF	144
1721	#FFFFFF	144
1722	#FFFFFF	144
1723	#FFFFFF	144
1724	#FFFFFF	144
1725	#FFFFFF	144
1726	#FFFFFF	144
1727	#FFFFFF	144
1728	#FFFEFE	780
1729	#FFFFFF	144
1730	#FFFFFF	144
1731	#FFFFFF	144
1732	#FFFFFF	144
1742	#FFFFFF	144
1753	#FFFFFF	144
1763	#FFFFFF	144
1764	#FFFFFF	144
1765	#FFFFFF	144
1766	#FFFFFF	144
1767	#FFFFFF	144
1769	#FFFFFF	144
1770	#FFFFFF	144
1771	#FFFFFF	144
1772	#FFFFFF	144
1773	#FFFFFF	144
1774	#FFFFFF	144
1775	#FFFFFF	144
1776	#FFFFFF	144
1777	#FFFFFF	144
1778	#FFFFFF	144
1779	#FFFFFF	144
1780	#FFFFFF	144
1781	#FFFFFF	144
1782	#FFFFFF	144
1792	#FFFFFF	144
1803	#FFFFFF	144
1814	#FFFFFF	144
1815	#FFFFFF	144
1816	#FFFFFF	144
1817	#FFFFFF	144
1818	#FFFFFF	144
1820	#FFFFFF	144
1821	#FFFFFF	144
1822	#FFFFFF	144
1823	#FFFFFF	144
1824	#FFFFFF	144
1825	#FFFFFF	144
1826	#FFFFFF	144
1827	#FFFFFF	144
1828	#FFFFFF	144
1829	#FFFFFF	144
1830	#FFFFFF	144
1831	#FFFFFF	144
1832	#FFFFFF	144
1843	#FFFFFF	144
1854	#FFFFFF	144
1864	#FFFFFF	144
1865	#FFFFFF	144
1866	#FFFFFF	144
1867	#FFFFFF	144
1868	#FFFFFF	144
1870	#FFFFFF	144
1871	#FFFFFF	144
1872	#FFFFFF	144
1873	#FFFFFF	144
1874	#FFFFFF	144
1875	#FFFFFF	144
1876	#FFFFFF	144
1877	#FFFFFF	144
1878	#FFFFFF	144
1879	#FFFFFF	144
1880	#FFFFFF	144
1881	#FFFFFF	144
1882	#FFFFFF	144
1893	#FFFFFF	144
1904	#FFFFFF	144
1915	#FFFFFF	144
1916	#FFFFFF	144
1917	#FFFFFF	144
1918	#FFFFFF	144
1919	#FFFFFF	144
1921	#FFFFFF	144
1922	#FFFFFF	144
1923	#FFFFFF	144
1924	#FFFFFF	144
1925	#FFFFFF	144
1926	#FFFFFF	144
1927	#FFFFFF	144
1928	#FFFFFF	144
1929	#FFFFFF	144
1930	#FFFFFF	144
1931	#FFFFFF	144
1933	#FFFFFF	144
1944	#FFFFFF	144
1955	#FFFFFF	144
1965	#FFFFFF	144
1966	#FFFFFF	144
1967	#FFFFFF	144
1968	#FFFFFF	144
1969	#FFFFFF	144
1971	#FFFFFF	144
1972	#FFFFFF	144
1973	#FFFFFF	144
1974	#FFFFFF	144
1975	#FFFFFF	144
1976	#FFFFFF	144
1977	#FFFFFF	144
1978	#FFFFFF	144
1979	#FFFFFF	144
1980	#FFFFFF	144
1981	#FFFFFF	144
1983	#FFFFFF	144
1994	#FFFFFF	144
2005	#FFFFFF	144
2016	#FFFFFF	144
2017	#FFFFFF	144
2018	#FFFFFF	144
2019	#FFFFFF	144
2020	#FFFFFF	144
2022	#FFFFFF	144
2023	#FFFFFF	144
2024	#FFFFFF	144
2025	#FFFFFF	144
2026	#FFFFFF	144
2027	#FFFFFF	144
2028	#FFFFFF	144
2029	#FFFFFF	144
2030	#FFFFFF	144
2031	#FFFFFF	144
2034	#FFFFFF	144
2045	#FFFFFF	144
2056	#FFFFFF	144
2066	#FFFFFF	144
2067	#FFFFFF	144
2068	#FFFFFF	144
2069	#FFFFFF	144
2070	#FFFFFF	144
2072	#FFFFFF	144
2073	#FFFFFF	144
2074	#FFFFFF	144
2075	#FFFFFF	144
2076	#FFFFFF	144
2077	#FFFFFF	144
2078	#FFFFFF	144
2079	#FFFFFF	144
2080	#FFFFFF	144
2081	#FFFFFF	144
2084	#FFFFFF	144
2095	#FFFFFF	144
2106	#FFFFFF	144
2117	#FFFFFF	144
2118	#FFFFFF	144
2119	#FFFFFF	144
2120	#FFFFFF	144
2121	#FFFFFF	144
2123	#FFFFFF	144
2124	#FFFFFF	144
2125	#FFFFFF	144
2126	#FFFFFF	144
2127	#FFFFFF	144
2128	#FFFFFF	144
2129	#FFFFFF	144
2130	#FFFFFF	144
2131	#FFFFFF	144
2135	#FFFFFF	144
2146	#FFFFFF	144
2157	#FFFFFF	144
2167	#FFFFFF	144
2168	#FFFFFF	144
2169	#FFFFFF	144
2170	#FFFFFF	144
2171	#FFFFFF	144
2173	#FFFFFF	144
2174	#FFFFFF	144
2175	#FFFFFF	144
2176	#FFFFFF	144
2177	#FFFFFF	144
2178	#FFFFFF	144
2179	#FFFFFF	144
2180	#FFFFFF	144
2181	#FFFFFF	144
2185	#FFFFFF	144
2196	#FFFFFF	144
2207	#FFFFFF	144
2218	#FFFFFF	144
2219	#FFFFFF	144
2220	#FFFFFF	144
2221	#FFFFFF	144
2222	#FFFFFF	144
2224	#FFFFFF	144
2225	#FFFFFF	144
2226	#FFFFFF	144
2227	#FFFFFF	144
2228	#FFFFFF	144
2229	#FFFFFF	144
2230	#FFFFFF	144
2231	#FFFFFF	144
2236	#FFFFFF	144
2247	#FFFFFF	144
2258	#FFFFFF	144
2268	#FFFFFF	144
2269	#FFFFFF	144
2270	#FFFFFF	144
2271	#FFFFFF	144
2272	#FFFFFF	144
2274	#FFFFFF	144
2275	#FFFFFF	144
2276	#FFFFFF	144
2277	#FFFFFF	144
2278	#FFFFFF	144
2279	#FFFFFF	144
2280	#FFFFFF	144
2281	#FFFEFE	780
2282	#FFFEFE	780
2283	#FFFEFE	780
2284	#FFFEFE	780
2285	#FFFEFE	780
2286	#FFFFFF	144
2287	#FFFEFE	780
2288	#FFFFFF	144
2289	#FFFFFF	144
2290	#FFFFFF	144
2291	#FFFFFF	144
2292	#FFFFFF	144
2293	#FFFFFF	144
2294	#FFFFFF	144
2295	#FFFFFF	144
2296	#FFFFFF	144
2297	#FFFFFF	144
2298	#FFFFFF	144
2299	#FFFFFF	144
2300	#FFFFFF	144
2301	#FFFFFF	144
2302	#FFFFFF	144
2303	#FFFFFF	144
2304	#FFFFFF	144
2305	#FFFFFF	144
2307	#FFFFFF	144
2308	#FFFEFE	780
2309	#FFFFFF	144
2310	#FFFFFF	1458
2311	#FFFFFF	144
2319	#FFFEFE	780
2320	#FFFEFE	780
2321	#FFFEFE	780
2322	#FFFEFE	780
2323	#FFFFFF	144
2325	#FFFFFF	144
2326	#FFFFFF	144
2327	#FFFFFF	144
2328	#FFFFFF	144
2329	#FFFFFF	144
2330	#FFFFFF	144
2331	#FFFFFF	144
2332	#FFFEFE	780
2333	#FFFEFE	780
2334	#FFFEFE	780
2335	#FFFEFE	780
2336	#FFFEFE	780
2337	#FFFFFF	144
2338	#FFFFFF	144
2339	#FFFFFF	144
2340	#FFFFFF	144
2341	#FFFFFF	144
2342	#FFFFFF	144
2343	#FFFFFF	144
2344	#FFFFFF	144
2345	#FFFFFF	144
2346	#FFFFFF	144
2347	#FFFFFF	144
2348	#FFFFFF	144
2349	#FFFFFF	144
2350	#FFFFFF	144
2351	#FFFFFF	144
2352	#FFFFFF	144
2353	#FFFFFF	144
2354	#FFFFFF	144
2355	#FFFFFF	144
2356	#FFFFFF	144
2358	#FFFFFF	144
2359	#FFFFFF	144
2360	#FFFFFF	1458
2361	#FFFFFF	1458
2369	#FFFEFE	780
2370	#FFFEFE	780
2371	#FFFEFE	780
2372	#FFFEFE	780
2373	#FFFFFF	144
2375	#FFFFFF	144
2376	#FFFFFF	144
2377	#FFFFFF	144
2378	#FFFFFF	144
2379	#FFFFFF	144
2380	#FFFFFF	144
2381	#FFFFFF	144
2382	#FFFFFF	144
2387	#FFFFFF	144
2398	#FFFFFF	144
2409	#FFFFFF	144
2420	#FFFFFF	144
2421	#FFFFFF	144
2422	#FFFFFF	144
2423	#FFFFFF	144
2424	#FFFFFF	144
2426	#FFFFFF	144
2427	#FFFFFF	144
2428	#FFFFFF	144
2429	#FFFFFF	144
2430	#FFFFFF	144
2431	#FFFFFF	144
2432	#FFFFFF	144
2438	#FFFFFF	144
2449	#FFFFFF	144
2460	#FFFFFF	144
2470	#FFFFFF	144
2471	#FFFFFF	144
2472	#FFFFFF	144
2473	#FFFFFF	144
2474	#FFFFFF	144
2476	#FFFFFF	144
2477	#FFFFFF	144
2478	#FFFFFF	144
2479	#FFFFFF	144
2480	#FFFFFF	144
2481	#FFFFFF	144
2482	#FFFFFF	144
2488	#FFFFFF	144
2499	#FFFFFF	144
2510	#FFFFFF	144
2521	#FFFFFF	144
2522	#FFFFFF	144
2523	#FFFFFF	144
2524	#FFFFFF	144
2525	#FFFFFF	144
2527	#FFFFFF	144
2528	#FFFFFF	144
2529	#FFFFFF	144
2530	#FFFFFF	144
2531	#FFFFFF	144
2532	#FFFFFF	144
2539	#FFFFFF	144
2550	#FFFFFF	144
2561	#FFFFFF	144
2571	#FFFFFF	144
2572	#FFFFFF	144
2573	#FFFFFF	144
2574	#FFFFFF	144
2575	#FFFFFF	144
2577	#FFFFFF	144
2578	#FFFFFF	144
2579	#FFFFFF	144
2580	#FFFFFF	144
2581	#FFFFFF	144
2582	#FFFFFF	144
2589	#FFFFFF	144
2600	#FFFFFF	144
2611	#FFFFFF	144
2622	#FFFFFF	144
2623	#FFFFFF	144
2624	#FFFFFF	144
2625	#FFFFFF	144
2626	#FFFFFF	144
2628	#FFFFFF	144
2629	#FFFFFF	144
2630	#FFFFFF	144
2631	#FFFFFF	144
2632	#FFFFFF	144
2640	#FFFFFF	144
2651	#FFFFFF	144
2662	#FFFFFF	144
2672	#FFFFFF	144
2673	#FFFFFF	144
2674	#FFFFFF	144
2675	#FFFFFF	144
2676	#FFFFFF	144
2678	#FFFFFF	144
2679	#FFFFFF	144
2680	#FFFFFF	144
2681	#FFFFFF	144
2682	#FFFFFF	144
2690	#FFFFFF	144
2701	#FFFFFF	144
2712	#FFFFFF	144
2723	#FFFFFF	144
2724	#FFFFFF	144
2725	#FFFFFF	144
2726	#FFFFFF	144
2727	#FFFFFF	144
2729	#FFFFFF	144
2730	#FFFFFF	144
2731	#FFFFFF	144
2732	#FFFFFF	144
2741	#FFFFFF	144
2752	#FFFFFF	144
2763	#FFFFFF	144
2773	#FFFFFF	144
2774	#FFFFFF	144
2775	#FFFFFF	144
2776	#FFFFFF	144
2777	#FFFFFF	144
2779	#FFFFFF	144
2780	#FFFFFF	144
2781	#FFFFFF	144
2782	#FFFFFF	144
2791	#FFFFFF	144
2802	#FFFFFF	144
2813	#FFFFFF	144
2824	#FFFFFF	144
2825	#FFFFFF	144
2826	#FFFFFF	144
2827	#FFFFFF	144
2828	#FFFFFF	144
2830	#FFFFFF	144
2831	#FFFFFF	144
2832	#FFFFFF	144
2842	#FFFFFF	144
2853	#FFFFFF	144
2864	#FFFFFF	144
2874	#FFFFFF	144
2875	#FFFFFF	144
2876	#FFFFFF	144
2877	#FFFFFF	144
2878	#FFFFFF	144
2880	#FFFFFF	144
2881	#FFFFFF	144
2882	#FFFFFF	144
2892	#FFFFFF	144
2903	#FFFFFF	144
2914	#FFFFFF	144
2925	#FFFFFF	144
2926	#FFFFFF	144
2927	#FFFFFF	144
2928	#FFFFFF	144
2929	#FFFFFF	144
2931	#FFFFFF	144
2932	#FFFFFF	144
2943	#FFFFFF	144
2954	#FFFFFF	144
2965	#FFFFFF	144
2975	#FFFFFF	144
2976	#FFFFFF	144
2977	#FFFFFF	144
2978	#FFFFFF	144
2979	#FFFFFF	144
2981	#FFFFFF	144
2982	#FFFFFF	144
2993	#FFFFFF	144
3004	#FFFFFF	144
3015	#FFFFFF	144
3026	#FFFFFF	144
3027	#FFFFFF	144
3028	#FFFFFF	144
3029	#FFFFFF	144
3030	#FFFFFF	144
3032	#FFFFFF	144
3033	#FFFFFF	144
3044	#FFFFFF	144
3055	#FFFFFF	144
3066	#FFFFFF	144
3076	#FFFFFF	144
3077	#FFFFFF	144
3078	#FFFFFF	144
3079	#FFFFFF	144
3082	#FFFFFF	144
3083	#FFFFFF	144
3094	#FFFFFF	144
3105	#FFFFFF	144
3116	#FFFFFF	144
3127	#FFFFFF	144
3128	#FFFFFF	144
3129	#FFFFFF	144
3130	#FFFFFF	144
3133	#FFFFFF	144
3134	#FFFFFF	144
3145	#FFFFFF	144
3156	#FFFFFF	144
3167	#FFFFFF	144
3177	#FFFFFF	144
3178	#FFFFFF	144
3179	#FFFFFF	144
3183	#FFFFFF	144
3184	#FFFFFF	144
3195	#FFFFFF	144
3206	#FFFFFF	144
3217	#FFFFFF	144
3228	#FFFFFF	144
3229	#FFFFFF	144
3230	#FFFFFF	144
3234	#FFFFFF	144
3235	#FFFFFF	144
3246	#FFFFFF	144
3257	#FFFFFF	144
3268	#FFFFFF	144
3278	#FFFFFF	144
3279	#FFFFFF	144
3284	#FFFFFF	144
3285	#FFFFFF	144
3296	#FFFFFF	144
3307	#FFFFFF	144
3318	#FFFFFF	144
3329	#FFFFFF	144
3330	#FFFFFF	144
3335	#FFFFFF	144
3336	#FFFFFF	144
3347	#FFFFFF	144
3358	#FFFFFF	144
3369	#FFFFFF	144
3379	#FFFFFF	144
3385	#FFFFFF	144
3386	#FFFFFF	144
3387	#FFFFFF	144
3388	#FFFFFF	144
3389	#FFFFFF	144
3390	#FFFFFF	144
3391	#FFFFFF	144
3392	#FFFEFE	780
3393	#FFFEFE	780
3394	#FFFEFE	780
3395	#FFFEFE	780
3396	#FFFEFE	780
3397	#FFFFFF	144
3398	#FFFEFE	780
3399	#FFFFFF	144
3400	#FFFFFF	144
3401	#FFFFFF	144
3402	#FFFFFF	144
3403	#FFFFFF	144
3404	#FFFFFF	144
3405	#FFFFFF	144
3406	#FFFFFF	144
3407	#FFFFFF	144
3408	#FFFFFF	144
3409	#FFFFFF	144
3410	#FFFFFF	144
3411	#FFFFFF	144
3412	#FFFFFF	144
3413	#FFFFFF	144
3414	#FFFFFF	144
3415	#FFFFFF	144
3416	#FFFFFF	1458
3417	#FFFFFF	1458
3419	#FFFFFF	144
3420	#FFFFFF	1458
3421	#FFFFFF	1458
3430	#FFFEFE	780
3431	#FFFEFE	780
3432	#FFFEFE	780
3433	#FFFEFE	780
3434	#FFFEFE	780
3436	#FFFFFF	144
3437	#FFFFFF	144
3438	#FFFFFF	144
3439	#FFFFFF	144
3440	#FFFFFF	144
3441	#FFFFFF	144
3442	#FFFFFF	144
3443	#FFFEFE	780
3444	#FFFEFE	780
3445	#FFFEFE	780
3446	#FFFEFE	780
3447	#FFFEFE	780
3448	#FFFFFF	144
3449	#FFFFFF	144
3450	#FFFFFF	144
3451	#FFFFFF	144
3452	#FFFFFF	144
3453	#FFFFFF	144
3454	#FFFFFF	144
3455	#FFFFFF	144
3456	#FFFFFF	144
3457	#FFFFFF	144
3458	#FFFFFF	144
3459	#FFFFFF	144
3460	#FFFFFF	144
3461	#FFFFFF	144
3462	#FFFFFF	144
3463	#FFFFFF	144
3464	#FFFFFF	144
3465	#FFFFFF	144
3466	#FFFFFF	144
3467	#FFFFFF	1458
3468	#FFFFFF	1458
3469	#FFFFFF	1458
3470	#FFFEFE	780
3471	#FFFFFF	1458
3480	#FFFEFE	780
3481	#FFFEFE	780
3482	#FFFEFE	780
3483	#FFFEFE	780
3484	#FFFEFE	780
3486	#FFFFFF	144
3487	#FFFFFF	144
3498	#FFFFFF	144
3509	#FFFFFF	144
3520	#FFFFFF	144
3531	#FFFFFF	144
3537	#FFFFFF	144
3538	#FFFFFF	144
3549	#FFFFFF	144
3560	#FFFFFF	144
3571	#FFFFFF	144
3587	#FFFFFF	144
3588	#FFFFFF	144
3599	#FFFFFF	144
3610	#FFFFFF	144
3621	#FFFFFF	144
3638	#FFFFFF	144
3639	#FFFFFF	144
3650	#FFFFFF	144
3661	#FFFFFF	144
3688	#FFFFFF	144
3689	#FFFFFF	144
3700	#FFFFFF	144
3711	#FFFFFF	144
3739	#FFFFFF	144
3740	#FFFFFF	144
3751	#FFFFFF	144
3789	#FFFFFF	144
3790	#FFFFFF	144
3801	#FFFFFF	144
3840	#FFFFFF	144
3841	#FFFFFF	144
3890	#FFFFFF	144
3891	#FFFFFF	144
3941	#FFFFFF	144
3991	#FFFFFF	144
4042	#FFFFFF	144
4043	#FFFFFF	144
4044	#FFFEFE	780
4045	#FFFFFF	144
4046	#FFFFFF	144
4047	#FFFFFF	144
4048	#FFFEFE	780
4049	#FFFEFE	780
4050	#FFFEFE	780
4051	#FFFFFF	144
4052	#FFFEFE	780
4053	#FFFFFF	144
4054	#FFFFFF	144
4055	#FFFEFE	780
4056	#FFFFFF	144
4057	#FFFFFF	144
4058	#FFFFFF	144
4059	#FFFFFF	144
4060	#FFFFFF	144
4061	#FFFFFF	144
4062	#FFFFFF	144
4063	#FFFFFF	144
4064	#FFFFFF	144
4065	#FFFFFF	144
4066	#FFFFFF	144
4067	#FFFFFF	144
4068	#FFFFFF	144
4069	#FFFFFF	144
4070	#FFFFFF	144
4071	#FFFFFF	144
4072	#FFFFFF	1458
4073	#FFFFFF	1458
4074	#FFFFFF	1458
4075	#FFFFFF	1458
4076	#FFFEFE	780
4077	#FFFFFF	1458
4087	#FFFEFE	780
4088	#FFFEFE	780
4089	#FFFEFE	780
4090	#FFFEFE	780
4091	#FFFEFE	780
4093	#FFFFFF	144
4094	#FFFFFF	144
4095	#FFFEFE	780
4096	#FFFFFF	144
4097	#FFFEFE	780
4098	#FFFEFE	780
4099	#FFFEFE	780
4100	#FFFEFE	780
4101	#FFFEFE	780
4102	#FFFFFF	144
4103	#FFFEFE	780
4104	#FFFFFF	144
4105	#FFFFFF	144
4106	#FFFFFF	144
4107	#FFFFFF	144
4108	#FFFFFF	144
4109	#FFFFFF	144
4110	#FFFFFF	144
4111	#FFFFFF	144
4112	#FFFFFF	144
4113	#FFFFFF	144
4114	#FFFFFF	144
4115	#FFFFFF	144
4116	#FFFFFF	144
4117	#FFFFFF	144
4118	#FFFFFF	144
4119	#FFFFFF	144
4120	#FFFFFF	144
4121	#FFFFFF	1458
4122	#FFFFFF	1458
4123	#FFFFFF	1458
4124	#FFFFFF	144
4125	#FFFFFF	1458
4126	#FFFFFF	1458
4127	#FFFEFE	780
4137	#FFFEFE	780
4138	#FFFEFE	780
4139	#FFFEFE	780
4140	#FFFEFE	780
4141	#FFFEFE	780
4143	#FFFFFF	144
4144	#FFFFFF	144
4145	#FFFEFE	780
4146	#FFFEFE	780
4147	#FFFFFF	144
4148	#FFFEFE	780
4149	#FFFEFE	780
4150	#FFFEFE	780
4151	#FFFEFE	780
4152	#FFFEFE	780
4153	#FFFFFF	144
4154	#FFFFFF	144
4155	#FFFFFF	144
4156	#FFFFFF	144
4157	#FFFFFF	144
4158	#FFFFFF	144
4159	#FFFFFF	144
4160	#FFFFFF	144
4161	#FFFFFF	144
4162	#FFFFFF	144
4163	#FFFFFF	144
4164	#FFFFFF	144
4165	#FFFFFF	144
4166	#FFFFFF	144
4167	#FFFFFF	144
4168	#FFFFFF	144
4169	#FFFFFF	144
4170	#FFFFFF	144
4171	#FFFFFF	144
4172	#FFFFFF	1458
4173	#FFFFFF	1458
4174	#FFFFFF	144
4175	#FFFFFF	144
4176	#FFFFFF	1458
4177	#FFFFFF	144
4188	#FFFEFE	780
4189	#FFFFFF	144
4190	#FFFEFE	780
4191	#FFFEFE	780
4192	#FFFEFE	780
4194	#FFFFFF	144
4195	#FFFFFF	144
4196	#FFFEFE	780
4197	#FFFEFE	780
4198	#FFFFFF	144
4199	#FFFEFE	780
4200	#FFFEFE	780
4201	#FFFEFE	780
4202	#FFFFFF	144
4203	#FFFEFE	780
4204	#FFFFFF	144
4205	#FFFFFF	144
4206	#FFFFFF	144
4207	#FFFFFF	144
4208	#FFFFFF	144
4209	#FFFFFF	144
4210	#FFFFFF	144
4211	#FFFFFF	144
4212	#FFFFFF	144
4213	#FFFFFF	144
4214	#FFFFFF	144
4215	#FFFFFF	144
4216	#FFFFFF	144
4217	#FFFFFF	144
4218	#FFFFFF	144
4219	#FFFFFF	144
4220	#FFFFFF	144
4221	#FFFFFF	1458
4222	#FFFFFF	1458
4223	#FFFFFF	1458
4224	#FFFFFF	1458
4225	#FFFFFF	144
4226	#FFFFFF	1458
4228	#FFFFFF	144
4238	#FFFFFF	144
4239	#FFFEFE	780
4240	#FFFEFE	780
4241	#FFFEFE	780
4242	#FFFEFE	780
4244	#FFFFFF	144
4245	#FFFFFF	144
4246	#FFFEFE	780
4247	#FFFEFE	780
4248	#FFFFFF	144
4249	#FFFEFE	780
4250	#FFFEFE	780
4251	#FFFEFE	780
4252	#FFFFFF	144
4253	#FFFFFF	144
4254	#FFFFFF	144
4255	#FFFFFF	144
4256	#FFFFFF	144
4257	#FFFFFF	144
4258	#FFFFFF	144
4259	#FFFFFF	144
4260	#FFFFFF	144
4261	#FFFFFF	144
4262	#FFFFFF	144
4263	#FFFFFF	144
4264	#FFFFFF	144
4265	#FFFFFF	144
4266	#FFFFFF	144
4267	#FFFFFF	144
4268	#FFFFFF	144
4269	#FFFFFF	144
4270	#FFFFFF	144
4271	#FFFFFF	1458
4272	#FFFFFF	1458
4273	#FFFFFF	1458
4274	#FFFFFF	1458
4275	#FFFFFF	144
4276	#FFFFFF	1458
4278	#FFFFFF	144
4289	#FFFFFF	144
4290	#FFFEFE	780
4291	#FFFEFE	780
4292	#FFFEFE	780
4293	#FFFEFE	780
4295	#FFFFFF	144
4296	#FFFFFF	144
4297	#FFFEFE	780
4298	#FFFEFE	780
4299	#FFFEFE	780
4300	#FFFEFE	780
4301	#FFFEFE	780
4302	#FFFFFF	144
4303	#FFFFFF	144
4304	#FFFFFF	144
4305	#FFFFFF	144
4306	#FFFFFF	144
4307	#FFFFFF	144
4308	#FFFFFF	144
4309	#FFFFFF	144
4310	#FFFFFF	144
4311	#FFFFFF	144
4312	#FFFFFF	144
4313	#FFFFFF	144
4314	#FFFFFF	144
4315	#FFFFFF	144
4316	#FFFFFF	144
4317	#FFFFFF	144
4318	#FFFFFF	144
4319	#FFFFFF	144
4320	#FFFFFF	144
4321	#FFFFFF	144
4322	#FFFFFF	144
4323	#FFFFFF	144
4324	#FFFFFF	1458
4325	#FFFFFF	144
4326	#FFFFFF	1458
4329	#FFFFFF	144
4339	#FFFFFF	144
4340	#FFFEFE	780
4341	#FFFEFE	780
4342	#FFFEFE	780
4343	#FFFEFE	780
4345	#FFFFFF	144
4346	#FFFFFF	144
4347	#FFFEFE	780
4348	#FFFEFE	780
4349	#FFFEFE	780
4350	#FFFEFE	780
4351	#FFFEFE	780
4352	#FFFFFF	144
4353	#FFFFFF	144
4354	#FFFFFF	144
4355	#FFFFFF	144
4356	#FFFFFF	144
4357	#FFFFFF	144
4358	#FFFFFF	144
4359	#FFFFFF	144
4360	#FFFFFF	144
4361	#FFFFFF	144
4362	#FFFFFF	144
4363	#FFFFFF	144
4364	#FFFFFF	144
4365	#FFFFFF	144
4366	#FFFFFF	144
4367	#FFFFFF	144
4368	#FFFFFF	144
4369	#FFFFFF	144
4370	#FFFFFF	144
4371	#FFFFFF	144
4372	#FFFFFF	144
4373	#FFFFFF	144
4374	#FFFFFF	144
4375	#FFFFFF	144
4376	#FFFFFF	1458
4379	#FFFFFF	144
4390	#FFFFFF	144
4391	#FFFFFF	144
4392	#FFFEFE	780
4393	#FFFEFE	780
4394	#FFFEFE	780
4396	#FFFFFF	144
4397	#FFFFFF	144
4398	#FFFEFE	780
4399	#FFFEFE	780
4400	#FFFEFE	780
4401	#FFFEFE	780
4402	#FFFEFE	780
4403	#FFFFFF	144
4404	#FFFFFF	144
4405	#FFFEFE	780
4406	#FFFFFF	144
4407	#FFFEFE	780
4408	#FFFFFF	144
4409	#FFFFFF	144
4410	#FFFFFF	144
4411	#FFFFFF	144
4412	#FFFFFF	144
4413	#FFFFFF	144
4414	#FFFFFF	144
4415	#FFFFFF	144
4416	#FFFFFF	144
4417	#FFFFFF	144
4418	#FFFFFF	144
4419	#FFFFFF	144
4420	#FFFFFF	144
4421	#FFFFFF	144
4422	#FFFFFF	144
4423	#FFFFFF	144
4424	#FFFFFF	144
4425	#FFFFFF	144
4426	#FFFFFF	144
4430	#FFFFFF	144
4440	#FFFFFF	144
4441	#FFFFFF	144
4442	#FFFEFE	780
4443	#FFFEFE	780
4444	#FFFEFE	780
4446	#FFFFFF	144
4447	#FFFFFF	144
4448	#FFFEFE	780
4449	#FFFEFE	780
4450	#FFFEFE	780
4451	#FFFEFE	780
4452	#FFFEFE	780
4453	#FFFFFF	144
4454	#FFFFFF	144
4455	#FFFFFF	144
4456	#FFFEFE	780
4457	#FFFEFE	780
4458	#FFFFFF	144
4459	#FFFFFF	144
4460	#FFFFFF	144
4461	#FFFFFF	144
4462	#FFFFFF	144
4463	#FFFFFF	144
4464	#FFFFFF	144
4465	#FFFFFF	144
4466	#FFFFFF	144
4467	#FFFFFF	144
4468	#FFFFFF	144
4469	#FFFFFF	144
4470	#FFFFFF	144
4471	#FFFFFF	144
4472	#FFFFFF	144
4473	#FFFFFF	144
4474	#FFFFFF	144
4475	#FFFFFF	144
4476	#FFFFFF	144
4480	#FFFEFE	780
4491	#FFFFFF	144
4492	#FFFFFF	144
4493	#FFFEFE	780
4494	#FFFEFE	780
4495	#FFFEFE	780
4497	#FFFFFF	144
4498	#FFFFFF	144
4499	#FFFEFE	780
4500	#FFFEFE	780
4501	#FFFEFE	780
4502	#FFFEFE	780
4503	#FFFEFE	780
4504	#FFFEFE	780
4505	#FFFEFE	780
4506	#FFFEFE	780
4507	#FFFEFE	780
4508	#FFFFFF	144
4509	#FFFFFF	144
4510	#FFFFFF	144
4511	#FFFFFF	144
4512	#FFFFFF	144
4513	#FFFFFF	144
4514	#FFFFFF	144
4515	#FFFFFF	144
4516	#FFFFFF	144
4517	#FFFFFF	144
4518	#FFFFFF	144
4519	#FFFFFF	144
4520	#FFFFFF	144
4521	#FFFFFF	144
4522	#FFFFFF	144
4523	#FFFFFF	144
4524	#FFFFFF	144
4525	#FFFFFF	144
4526	#FFFFFF	144
4531	#FFFEFE	780
4541	#FFFFFF	144
4542	#FFFEFE	780
4543	#FFFEFE	780
4544	#FFFEFE	780
4545	#FFFEFE	780
4547	#FFFFFF	144
4548	#FFFFFF	144
4549	#FFFFFF	144
4550	#FFFFFF	144
4551	#FFFFFF	144
4552	#FFFEFE	780
4553	#FFFEFE	780
4554	#FFFEFE	780
4555	#FFFEFE	780
4556	#FFFEFE	780
4557	#FFFEFE	780
4558	#FFFEFE	780
4559	#FFFFFF	144
4560	#FFFEFE	780
4561	#FFFEFE	780
4562	#FFFFFF	144
4563	#FFFEFE	780
4564	#FFFFFF	144
4565	#FFFFFF	144
4566	#FFFFFF	144
4567	#FFFFFF	144
4568	#FFFFFF	144
4569	#FFFFFF	144
4570	#FFFFFF	144
4571	#FFFFFF	144
4572	#FFFFFF	144
4573	#FFFFFF	144
4574	#FFFFFF	144
4575	#FFFFFF	144
4577	#FFFFFF	1458
4578	#FFFFFF	1458
4580	#FFFFFF	144
4581	#FFFFFF	144
4583	#FFFFFF	144
4586	#FFFFFF	337
4587	#FFFFFF	337
4592	#FFFFFF	144
4593	#FFFEFE	780
4594	#FFFFFF	144
4595	#FFFFFF	144
4596	#FFFFFF	144
4598	#FFFFFF	144
4599	#FFFFFF	144
4600	#FFFFFF	144
4601	#FFFFFF	144
4602	#FFFEFE	780
4603	#FFFEFE	780
4604	#FFFEFE	780
4605	#FFFEFE	780
4606	#FFFEFE	780
4607	#FFFEFE	780
4608	#FFFEFE	780
4609	#FFFEFE	780
4610	#FFFFFF	144
4611	#FFFEFE	780
4612	#FFFEFE	780
4613	#FFFEFE	780
4614	#FFFFFF	144
4615	#FFFFFF	144
4616	#FFFFFF	144
4617	#FFFFFF	144
4618	#FFFFFF	144
4619	#FFFFFF	144
4620	#FFFFFF	144
4621	#FFFFFF	144
4622	#FFFFFF	144
4623	#FFFFFF	144
4624	#FFFFFF	144
4625	#FFFFFF	144
4626	#FFFFFF	144
4627	#FFFFFF	1458
4628	#FFFFFF	1458
4629	#FFFFFF	144
4630	#FFFFFF	144
4632	#FFFFFF	144
4636	#FFFFFF	337
4637	#FFFFFF	337
4638	#FFFFFF	337
4642	#FFFFFF	144
4643	#FFFEFE	780
4644	#FFFFFF	144
4645	#FFFFFF	144
4646	#FFFFFF	144
4648	#FFFFFF	144
4649	#FFFFFF	144
4650	#FFFFFF	144
4651	#FFFFFF	144
4652	#FFFEFE	780
4653	#FFFFFF	144
4654	#FFFEFE	780
4655	#FFFEFE	780
4656	#FFFEFE	780
4657	#FFFEFE	780
4658	#FFFEFE	780
4659	#FFFEFE	780
4660	#FFFFFF	144
4661	#FFFEFE	780
4662	#FFFEFE	780
4663	#FFFEFE	780
4664	#FFFFFF	144
4665	#FFFFFF	144
4666	#FFFFFF	144
4667	#FFFFFF	144
4668	#FFFFFF	144
4669	#FFFFFF	144
4670	#FFFFFF	144
4671	#FFFFFF	144
4672	#FFFFFF	144
4673	#FFFFFF	1458
4674	#FFFFFF	144
4675	#FFFFFF	144
4676	#FFFFFF	1458
4677	#FFFFFF	1458
4678	#FFFFFF	1458
4680	#FFFFFF	144
4682	#FFFFFF	144
4683	#FFFFFF	144
4684	#FFFFFF	2889
4686	#FFFFFF	337
4687	#FFFFFF	337
4688	#FFFFFF	337
4689	#FFFFFF	337
4693	#FFFFFF	144
4694	#FFFFFF	144
4695	#FFFEFE	780
4696	#FFFFFF	144
4697	#FFFFFF	144
4699	#FFFFFF	144
4700	#FFFFFF	144
4701	#FFFFFF	144
4702	#FFFEFE	780
4703	#FFFEFE	780
4704	#FFFFFF	144
4705	#FFFEFE	780
4706	#FFFFFF	144
4707	#FFFEFE	780
4708	#FFFEFE	780
4709	#FFFEFE	780
4710	#FFFFFF	144
4711	#FFFFFF	144
4712	#FFFEFE	780
4713	#FFFEFE	780
4714	#FFFFFF	144
4715	#FFFFFF	144
4716	#FFFFFF	144
4717	#FFFFFF	144
4718	#FFFFFF	144
4719	#FFFFFF	144
4720	#FFFFFF	1458
4721	#FFFFFF	144
4722	#FFFFFF	144
4723	#FFFFFF	1458
4724	#FFFFFF	1458
4725	#FFFFFF	144
4727	#FFFFFF	1458
4728	#FFFFFF	1458
4729	#FFFFFF	1458
4730	#FFFFFF	1458
4731	#FFFFFF	144
4732	#FFFFFF	144
4733	#FFFFFF	144
4736	#FFFFFF	337
4737	#FFFFFF	337
4738	#FFFFFF	337
4739	#FFFFFF	337
4740	#FFFFFF	337
4743	#FFFFFF	144
4744	#FFFEFE	780
4745	#FFFFFF	144
4746	#FFFFFF	144
4747	#FFFFFF	144
4749	#FFFFFF	144
4750	#FFFFFF	144
4751	#FFFFFF	144
4752	#FFFFFF	144
4753	#FFFFFF	144
4754	#FFFEFE	780
4755	#FFFFFF	144
4756	#FFFFFF	144
4757	#FFFEFE	780
4758	#FFFEFE	780
4759	#FFFEFE	780
4760	#FFFFFF	144
4761	#FFFFFF	144
4762	#FFFEFE	780
4763	#FFFEFE	780
4764	#FFFEFE	780
4765	#FFFFFF	144
4766	#FFFFFF	144
4767	#FFFFFF	144
4768	#FFFFFF	144
4769	#FFFFFF	144
4770	#FFFFFF	1458
4771	#FFFFFF	144
4772	#FFFFFF	144
4773	#FFFFFF	1458
4774	#FFFFFF	1458
4775	#FFFFFF	1458
4776	#FFFFFF	144
4777	#FFFFFF	1458
4778	#FFFFFF	1458
4779	#FFFFFF	1458
4780	#FFFFFF	144
4782	#FFFFFF	144
4783	#FFFFFF	144
4786	#FFFFFF	2889
4787	#FFFFFF	337
4788	#FFFFFF	337
4789	#FFFFFF	337
4790	#FFFFFF	337
4791	#FFFFFF	337
4794	#FFFFFF	144
4795	#FFFFFF	144
4796	#FFFFFF	144
4797	#FFFFFF	144
4798	#FFFFFF	144
4800	#FFFFFF	144
4801	#FFFFFF	144
4802	#FFFFFF	144
4803	#FFFFFF	144
4804	#FFFEFE	780
4805	#FFFEFE	780
4806	#FFFFFF	144
4807	#FFFEFE	780
4808	#FFFEFE	780
4809	#FFFEFE	780
4810	#FFFEFE	780
4811	#FFFFFF	144
4812	#FFFFFF	144
4813	#FFFEFE	780
4814	#FFFEFE	780
4815	#FFFFFF	144
4816	#FFFFFF	144
4817	#FFFFFF	144
4818	#FFFFFF	144
4819	#FFFFFF	144
4820	#FFFFFF	144
4821	#FFFFFF	1458
4822	#FFFFFF	1458
4823	#FFFFFF	144
4824	#FFFFFF	144
4825	#FFFFFF	144
4827	#FFFFFF	1458
4828	#FFFFFF	1458
4829	#FFFFFF	1458
4830	#FFFFFF	1458
4831	#FFFFFF	144
4833	#FFFFFF	2889
4834	#FFFFFF	144
4836	#FFFFFF	144
4837	#FFFFFF	337
4838	#FFFFFF	337
4839	#FFFFFF	337
4840	#FFFFFF	337
4841	#FFFFFF	337
4842	#FFFFFF	337
4844	#FFFFFF	144
4845	#FFFFFF	144
4846	#FFFFFF	144
4847	#FFFFFF	144
4848	#FFFFFF	144
4850	#FFFFFF	144
4851	#FFFFFF	144
4852	#FFFFFF	144
4853	#FFFFFF	144
4854	#FFFFFF	144
4855	#FFFEFE	780
4856	#FFFFFF	144
4857	#FFFFFF	144
4858	#FFFFFF	144
4859	#FFFEFE	780
4860	#FFFEFE	780
4861	#FFFEFE	780
4862	#FFFFFF	144
4863	#FFFFFF	144
4864	#FFFEFE	780
4865	#FFFFFF	144
4866	#FFFFFF	144
4867	#FFFFFF	144
4868	#FFFFFF	144
4869	#FFFFFF	144
4870	#FFFFFF	144
4871	#FFFFFF	1458
4872	#FFFFFF	1458
4873	#FFFFFF	144
4874	#FFFFFF	144
4875	#FFFFFF	144
4876	#FFFFFF	144
4877	#FFFFFF	1458
4878	#FFFFFF	1458
4879	#FFFFFF	1458
4880	#FFFFFF	1458
4881	#FFFFFF	1458
4882	#FFFFFF	144
4883	#FFFFFF	337
4884	#FFFFFF	144
4886	#FFFFFF	144
4887	#FFFFFF	337
4888	#FFFFFF	337
4889	#FFFFFF	337
4890	#FFFFFF	337
4891	#FFFFFF	337
4892	#FFFFFF	337
4893	#FFFFFF	337
4895	#FFFFFF	144
4896	#FFFFFF	144
4897	#FFFFFF	144
4898	#FFFFFF	144
4899	#FFFFFF	144
4901	#FFFFFF	144
4902	#FFFFFF	144
4903	#FFFFFF	144
4904	#FFFFFF	144
4905	#FFFFFF	144
4906	#FFFEFE	780
4907	#FFFFFF	144
4908	#FFFFFF	144
4909	#FFFFFF	144
4910	#FFFEFE	780
4911	#FFFEFE	780
4912	#FFFEFE	780
4913	#FFFFFF	144
4914	#FFFFFF	144
4915	#FFFEFE	780
4916	#FFFFFF	144
4917	#FFFFFF	144
4918	#FFFFFF	144
4919	#FFFFFF	144
4920	#FFFFFF	144
4921	#FFFFFF	144
4922	#FFFFFF	1458
4923	#FFFFFF	1458
4924	#FFFFFF	144
4925	#FFFFFF	144
4926	#FFFFFF	144
4927	#FFFFFF	1458
4928	#FFFFFF	1458
4929	#FFFFFF	1458
4930	#FFFFFF	1458
4931	#FFFFFF	1458
4935	#FFFFFF	144
4936	#FFFFFF	2889
4937	#FFFFFF	337
4938	#FFFFFF	337
4939	#FFFFFF	337
4940	#FFFFFF	337
4941	#FFFFFF	337
4942	#FFFFFF	337
4943	#FFFFFF	337
4944	#FFFFFF	337
4945	#FFFFFF	144
4946	#FFFFFF	144
4947	#FFFFFF	144
4948	#FFFFFF	144
4949	#FFFFFF	144
4951	#FFFFFF	144
4952	#FFFFFF	144
4953	#FFFFFF	144
4954	#FFFFFF	144
4955	#FFFFFF	144
4956	#FFFFFF	144
4957	#FFFFFF	144
4958	#FFFFFF	144
4959	#FFFFFF	144
4960	#FFFFFF	144
4961	#FFFEFE	780
4962	#FFFEFE	780
4963	#FFFFFF	144
4964	#FFFFFF	144
4965	#FFFFFF	144
4966	#FFFFFF	144
4967	#FFFFFF	144
4968	#FFFFFF	144
4969	#FFFFFF	144
4970	#FFFFFF	144
4971	#FFFFFF	1458
4972	#FFFFFF	1458
4973	#FFFFFF	144
4974	#FFFFFF	144
4975	#FFFFFF	1458
4976	#FFFFFF	1458
4977	#FFFFFF	1458
4978	#FFFFFF	1458
4979	#FFFFFF	1458
4980	#FFFFFF	1458
4981	#FFFFFF	1458
4982	#FFFFFF	1458
4984	#FFFFFF	1458
4985	#FFFFFF	144
4986	#FFFFFF	337
4987	#FFFFFF	337
4988	#FFFFFF	337
4989	#FFFFFF	337
4990	#FFFFFF	337
4991	#FFFFFF	337
4992	#FFFFFF	337
4993	#FFFFFF	337
4994	#FFFFFF	337
4995	#FFFFFF	337
4996	#FFFFFF	144
4997	#FFFFFF	144
4998	#FFFFFF	144
4999	#FFFFFF	144
5000	#FFFFFF	144
5002	#FFFFFF	144
5003	#FFFFFF	144
5004	#FFFFFF	144
5005	#FFFFFF	144
5006	#FFFFFF	144
5007	#FFFFFF	144
5008	#FFFFFF	144
5009	#FFFFFF	144
5010	#FFFFFF	144
5011	#FFFFFF	144
5012	#FFFFFF	144
5013	#FFFFFF	144
5014	#FFFFFF	144
5015	#FFFFFF	144
5016	#FFFFFF	144
5017	#FFFFFF	144
5018	#FFFFFF	144
5019	#FFFFFF	144
5020	#FFFFFF	144
5021	#FFFFFF	1458
5022	#FFFFFF	1458
5023	#FFFFFF	144
5024	#FFFFFF	144
5025	#FFFFFF	144
5027	#FFFFFF	1458
5028	#FFFFFF	1458
5029	#FFFFFF	1458
5030	#FFFFFF	1458
5031	#FFFFFF	144
5032	#FFFFFF	1458
5033	#FFFFFF	1458
5034	#FFFFFF	1458
5035	#FFFFFF	337
5036	#FFFFFF	144
5037	#FFFFFF	337
5038	#FFFFFF	337
5039	#FFFFFF	337
5040	#FFFFFF	337
5041	#FFFFFF	337
5042	#FFFFFF	337
5043	#FFFFFF	337
5044	#FFFFFF	337
5045	#FFFFFF	337
5046	#FFFFFF	144
5047	#FFFFFF	144
5048	#FFFFFF	144
5049	#FFFFFF	144
5050	#FFFFFF	144
5052	#FFFFFF	144
5053	#FFFFFF	144
5054	#FFFFFF	144
5055	#FFFFFF	144
5056	#FFFFFF	144
5057	#FFFFFF	144
5058	#FFFFFF	144
5059	#FFFFFF	144
5060	#FFFFFF	144
5061	#FFFFFF	144
5062	#FFFFFF	144
5063	#FFFFFF	144
5064	#FFFFFF	144
5065	#FFFFFF	144
5066	#FFFFFF	144
5067	#FFFFFF	144
5068	#FFFFFF	144
5069	#FFFFFF	144
5070	#FFFFFF	144
5071	#FFFFFF	144
5072	#FFFFFF	1458
5073	#FFFFFF	144
5074	#FFFFFF	144
5075	#FFFFFF	144
5077	#FFFFFF	1458
5078	#FFFFFF	1458
5079	#FFFFFF	1458
5080	#FFFFFF	1458
5081	#FFFFFF	1458
5082	#FFFFFF	144
5083	#FFFFFF	1458
5085	#FFFFFF	144
5086	#FFFFFF	144
5087	#FFFFFF	337
5088	#FFFFFF	337
5089	#FFFFFF	337
5090	#FFFFFF	337
5091	#FFFFFF	337
5092	#FFFFFF	337
5093	#FFFFFF	337
5094	#FFFFFF	337
5095	#FFFFFF	337
5096	#FFFFFF	337
5097	#FFFFFF	144
5098	#FFFFFF	144
5099	#FFFFFF	144
5100	#FFFFFF	144
5101	#FFFFFF	144
