x	y	showSelected1
4.56128031429029	4.90689059560852	1
3.71591981743358	3.32192809488736	2
2.58206336291171	1.58496250072116	3
3.07845681805329	2	4
4.25988044734366	4.16992500144231	5
3.91597991414022	3	6
2.3096301674259	1	7
2.42160392686983	1.58496250072116	8
2.48995847942483	1	9
3.61521333480136	3	10
4.1542413301673	3.4594316186373	11
3.49775871828727	2.8073549220576	12
3.91169015875386	3.70043971814109	13
3.08386080086657	2.32192809488736	14
3.40312052117582	2.58496250072116	15
2.84509804001426	2	16
4.05625673585014	3.32192809488736	17
3.41879829059035	2	18
1.46239799789896	0	19
2.37657695705651	1	20
2.62736585659273	1	21
3.81464706945186	3	22
2.80208925788173	1.58496250072116	23
3.46849502450707	2.58496250072116	24
3.56949095434878	2.58496250072116	25
3.32919441508845	2.32192809488736	26
4.17710343243654	4.95419631038688	27
3.45301239112146	2.32192809488736	28
3.42111012979343	2	29
3.2499317566342	2	30
2.68124123737559	1	31
2.80208925788173	2	32
4.00744904449775	3.4594316186373	33
3.51454775266029	2	34
2.46239799789896	1.58496250072116	35
2.3384564936046	1	36
3.48230176722344	2.58496250072116	37
3.75120209458835	3.32192809488736	38
2.72263392253381	1	39
2.71516735784846	1	40
3.91333692593262	3.16992500144231	41
2.99651167215418	2	42
4.01978073040365	3.58496250072116	43
3.18298496700358	2.32192809488736	44
2.54900326202579	1	45
3.96890303030383	3.32192809488736	46
1.77815125038364	1	47
3.25478968739721	1.58496250072116	48
2.31386722036915	0	49
3.38845645270027	2	50
2.95616843047536	1.58496250072116	51
3.09166695759568	1.58496250072116	52
4.27756337605592	3.4594316186373	53
4.32016706525423	4.32192809488736	54
3.20682587603185	2	55
4.23520007696928	4.90689059560852	56
3.42094540592197	2	57
2.94448267215017	1.58496250072116	58
3.77757180469141	2.8073549220576	59
3.23044892137827	2.32192809488736	60
2.25042000230889	1	61
3.14207646107329	2	62
3.20655604409903	2	63
3.69705489227257	2	64
1.92941892571429	0	65
3.58703711774346	2	66
3.12580645813953	1.58496250072116	67
1.86923171973098	1	68
3.69888313675259	3.16992500144231	69
2.55630250076729	1.58496250072116	70
3.35964579267454	2	71
1.36172783601759	0	72
2.34635297445064	1	73
1.43136376415899	0	74
1.9912260756925	0	75
3.60010125569139	3	76
2.58206336291171	0	77
3.20709554041922	3.58496250072116	78
2.14921911265538	1	79
3.24154648059655	2.32192809488736	80
2.49136169383427	1	81
3.14829409743475	2	82
3.34830486304816	3.32192809488736	83
4.24538927117121	3.70043971814109	84
3.4029488293444	3.32192809488736	85
2.52374646681156	0	86
3.40925665203891	1.58496250072116	87
2.3384564936046	2	88
4.23641128774397	3.58496250072116	89
3.47957531017499	2.58496250072116	90
3.4364806950095	2	91
2.35793484700045	2.32192809488736	92
3.20002926655377	2	93
2.69019608002851	1	94
3.31931430409051	2.32192809488736	95
3.49192171258615	2	96
2.3654879848909	1	97
2.2718416065365	1	98
3.07040732174012	1.58496250072116	99
3.80848105656595	2.8073549220576	100
4.20677192305558	4.08746284125034	101
3.50037371435337	2.8073549220576	102
2.58994960132571	1	103
4.18613667169178	4.08746284125034	104
3.05153839051533	1.58496250072116	105
3.34419571587144	2	106
2.34439227368511	1	107
3.8059084550742	3	108
3.5971464878337	3.4594316186373	109
2.15533603746506	0	110
3.69090455405497	2.8073549220576	111
3.49720618070395	2.32192809488736	112
1.86923171973098	0	113
3.59273176639396	2	114
3.15806079393661	1.58496250072116	115
3.37051308959859	2	116
2.99563519459755	1	117
2.94398887507377	1	118
3.6375897858387	3.16992500144231	119
2.77232170672292	1.58496250072116	120
3.26857797188284	1	121
1.80617997398389	0	122
2.29225607135648	1.58496250072116	123
3.91645394854993	3.16992500144231	124
2.23552844690755	0	125
2.85003325768977	1.58496250072116	126
2.90471554527868	1.58496250072116	127
2.67394199863409	1	128
3.64068015327767	2.8073549220576	129
2.85430604180108	2	130
2.80071707828239	2	131
2.58658730467176	2	132
2.27646180417324	1	133
2.92479599579791	1	134
2.59659709562646	2	135
2.55509444857832	0	136
1.95424250943932	0	137
2.56584781867352	1	138
3.02612451674545	2	139
2.17609125905568	1	140
2.43136376415899	0	141
2.4345689040342	1	142
3.31555053442191	1.58496250072116	143
3.74569922660251	1.58496250072116	144
3.41979058610636	3	145
3.59339684230021	2.58496250072116	146
3.56949095434878	2	147
2.76863810124761	1	148
2.45331834004704	1	149
3.48372989900002	2.58496250072116	150
3.10822665637493	1.58496250072116	151
3.4334497937616	2.58496250072116	152
1.89209460269048	1	153
2.71349054309394	1	154
3.02325245963371	2	155
3.44544851426605	2.58496250072116	156
2.76863810124761	1	157
3.40243334621931	2	158
2.60422605308447	2	159
2.65030752313194	2	160
2.46834733041216	0	161
3.04060234011407	1.58496250072116	162
2.78675142214556	1	163
3.29710365014926	2.32192809488736	164
2.84323277809801	2	165
1.83250891270624	0	166
3.89081209895512	2	167
1.51851393987789	0	168
2.4983105537896	1.58496250072116	169
1.90848501887865	1	170
3.27577190016493	2.32192809488736	171
1.99563519459755	0	172
2.16136800223497	1	173
3.17026171539496	2	174
2.88986172125819	1.58496250072116	175
2.41664050733828	0	176
2.25527250510331	2	177
2.90471554527868	1.58496250072116	178
1.64345267648619	0	179
2.72509452108147	1	180
3.498448403174	2	181
2.98944981766669	2	182
3.03382569395331	2	183
2.96848294855394	2	184
1.80617997398389	1	185
3.47885496752866	2.58496250072116	186
2.79448804665917	0	187
2.14921911265538	1	188
3.06744284277638	1.58496250072116	189
2.65321251377534	1	190
2.73319726510657	0	191
2.88930170250631	2	192
3.06295783408451	2	193
2.90417436828416	1.58496250072116	194
3.67951874369579	2.58496250072116	195
2.87390159786446	2	196
1.70757017609794	0	197
2.70671778233676	1	198
2.78390357927274	1	199
2.25042000230889	0	200
3.61119206086843	2.58496250072116	201
2.4456042032736	2	202
3.26150077319828	2.58496250072116	203
2.23044892137827	1	204
3.86605092400928	2.8073549220576	205
2.40993312333129	1	206
2.13033376849501	0	207
4.20771513380557	3.70043971814109	208
2.13987908640124	0	209
3.10105935490812	2	210
2.66838591669	1.58496250072116	211
3.05804623039528	1.58496250072116	212
3.46119828862249	2	213
2.79309160017658	1.58496250072116	214
2.81224469680037	1	215
2.568201724067	0	216
2.64640372622307	1.58496250072116	217
3.13735411137073	1.58496250072116	218
2.42324587393681	1	219
2.65991620006985	1	220
2.70070371714502	1	221
2.34830486304816	0	222
3.16583762469013	2	223
2.26245108973043	2	224
2.22010808804006	1	225
1.93951925261862	1	226
2.2380461031288	1	227
1.81291335664286	0	228
2.74350976472843	1.58496250072116	229
1.95424250943932	1	230
2.41664050733828	1.58496250072116	231
3.26904570965762	2	232
3.54220278243403	2.32192809488736	233
2.87157293554588	1.58496250072116	234
2.30102999566398	1	235
1.77815125038364	0	236
3.0618293072947	2	237
2.04921802267018	0	238
2.86746748785905	1	239
1.61278385671974	0	240
3.55108386518578	2.32192809488736	241
1.568201724067	0	242
2.5854607295085	1.58496250072116	243
2.72591163229505	1	244
1.92427928606188	0	245
3.00130093302042	1	246
2.67209785793572	1.58496250072116	247
2.89042101880091	1	248
2.62117628177504	1	249
2.61278385671974	1	250
2.76192783842053	1	251
3.50826030551233	2	252
2.29885307640971	1	253
2.39967372148104	1.58496250072116	254
1.81291335664286	0	255
4.05265547303953	3.16992500144231	256
4.04524472047815	3.58496250072116	257
1.96848294855394	1	258
1.6232492903979	0	259
2.66558099101795	2	260
2.2148438480477	1	261
3.11594317693906	2	262
2.60422605308447	0	263
2.1846914308176	1	264
2.59988307207369	1	265
2.55870857053317	1	266
2.71011736511182	1.58496250072116	267
3.24870873560092	2	268
2.92272545799326	0	269
2.87098881376058	1	270
2.99431715266964	1.58496250072116	271
2.18184358794477	1	272
1.8750612633917	0	273
2.75663610824585	0	274
2.31175386105575	1	275
2.14612803567824	2	276
1.47712125471966	0	277
2.22788670461367	1	278
2.15533603746506	2	279
2.51982799377572	1	280
2.04921802267018	0	281
3.30513631894364	2	282
2.94101424370557	1.58496250072116	283
3.58557351862273	2.58496250072116	284
2.70070371714502	0	285
3.13033376849501	1	286
2.8998205024271	2.32192809488736	287
2.48429983934679	0	288
2.06069784035361	0	289
1.51851393987789	0	290
2.83250891270624	1	291
2.20951501454263	1	292
2.42324587393681	1	293
2.00432137378264	0	294
2.32221929473392	0	295
2.00432137378264	1.58496250072116	296
3.07445071895459	4	297
2.13033376849501	1	298
3.21085336531489	2	299
2.8394780473742	1.58496250072116	300
2.89597473235907	2	301
2.78247262416629	1.58496250072116	302
2.65801139665711	1	303
2.1846914308176	0	304
1.86923171973098	1.58496250072116	305
2.19033169817029	0	306
3.57403126772772	1.58496250072116	307
2.38738982633873	1	308
2.23299611039215	1	309
1.61278385671974	0	310
2.06069784035361	0	311
3.21642983087625	1.58496250072116	312
2.32633586092875	1	313
4.24521645694767	4	314
3.08170727009735	1	315
1.66275783168157	0	316
2.00860017176192	2	317
2.78746047451842	2	318
1.94448267215017	0	319
3.13861843389949	2.8073549220576	320
3.49471102520526	2	321
2.14921911265538	0	322
2.03342375548695	0	323
2.19312459835446	0	324
2.73479982958885	0	325
1.50514997831991	0	326
2.48287358360875	1	327
1.76342799356294	0	328
2.12057393120585	1	329
3.06333335895175	1	330
2.06818586174616	1	331
2.42160392686983	1	332
2.19589965240923	1	333
2.55144999797288	1	334
1.93449845124357	1	335
2.10720996964787	2	336
3.19893186993221	2	337
2.01703333929878	0	338
3.01199311465926	1	339
1.65321251377534	0	340
0.602059991327962	0	341
2.72345567203519	0	342
2.56229286445647	2	343
2.66086547800387	1	344
2.08635983067475	0	345
1.568201724067	0	346
1.38021124171161	0	347
3.39759243403812	2	348
2.08278537031645	1	349
2.46982201597816	1	350
3.07773117965239	1	351
2.26245108973043	1.58496250072116	352
2.71850168886727	1	353
2.50650503240487	1.58496250072116	354
1.73239375982297	1	355
1.77085201164214	0	356
2.73479982958885	1.58496250072116	357
3.02160271602824	2	358
1.91381385238372	0	359
3.09795107099415	2	360
2.48000694295715	1.58496250072116	361
2.85308952985187	1.58496250072116	362
2.06069784035361	0	363
2.71933128698373	2	364
2.05307844348342	1	365
2.08278537031645	1	366
2.06445798922692	1	367
2.30749603791321	1	368
2.30102999566398	0	369
2.53529412004277	0	370
2.87737134586977	1.58496250072116	371
1.91381385238372	1	372
3.38021124171161	2	373
2.16731733474818	1	374
3.63012264285931	2	375
1.74036268949424	0	376
3.05842602445701	1	377
1.94939000664491	0	378
2.18752072083646	0	379
3.28869626059026	1	380
3.0068937079479	0	381
2.59988307207369	1	382
3.45347123372294	2	383
2.07188200730613	1	384
2.08635983067475	0	385
3.20248831706009	2	386
2.20411998265593	1	387
1.30102999566398	0	388
2.3384564936046	1	389
2.37106786227174	1	390
2.21218760440396	0	391
2.10720996964787	0	392
2.48429983934679	1.58496250072116	393
2.28780172993023	1	394
2.27646180417324	0	395
2.07918124604762	1	396
2.54406804435028	0	397
1.99563519459755	0	398
1.65321251377534	0	399
2.91222205653242	1	400
4.01042717271705	3	401
3.08671566394488	2.58496250072116	402
2.44090908206522	0	403
1.89762709129044	0	404
1.54406804435028	0	405
3.0884904701824	1.58496250072116	406
1.64345267648619	0	407
1.89209460269048	1	408
1.64345267648619	0	409
2.74663419893758	2	410
2.46982201597816	0	411
1.91381385238372	1	412
1.84509804001426	0	413
2.19033169817029	1	414
2.53907609879278	0	415
2.64738297011462	1.58496250072116	416
1.83250891270624	0	417
1.83884909073726	1	418
2.71933128698373	1	419
2.62013605497376	1	420
3.04296907339318	2	421
2.71096311899528	1	422
2.41329976408125	0	423
2.36172783601759	0	424
3.35102285258412	1.58496250072116	425
3.11760269169008	2	426
2.00860017176192	1	427
2.45024910831936	1	428
2.02938377768521	0	429
1.43136376415899	0	430
1.65321251377534	0	431
2.81624129999178	0	432
2.05690485133647	0	433
2.53781909507327	0	434
1.93951925261862	0	435
1.73239375982297	1.58496250072116	436
1.79239168949825	0	437
1.54406804435028	0	438
2.45788189673399	0	439
2.10037054511756	2	440
2.89817648349768	1.58496250072116	441
2.84198480459011	1	442
3.05994188806196	2	443
2.35218251811136	0	444
2.0899051114394	0	445
2.36735592102602	1.58496250072116	446
2.23552844690755	0	447
2.12057393120585	0	448
2.12710479836481	1.58496250072116	449
2.66931688056611	0	450
2.2380461031288	1	451
1.64345267648619	0	452
1.91907809237607	1	453
2.86391737695786	2	454
3.29556709996248	2	455
2.80277372529198	1	456
1.90848501887865	0	457
2.46089784275655	1	458
1.69019608002851	0	459
2.29225607135648	2	460
2.45788189673399	1.58496250072116	461
2.04921802267018	1	462
1.89762709129044	0	463
1.568201724067	1.58496250072116	464
2.28330122870355	1	465
2.46686762035411	0	466
1.63346845557959	2	467
2.62428209583567	1	468
1.5910646070265	0	469
3.22036963245139	1	470
1.93951925261862	0	471
2.65609820201283	2	472
2.85793526471943	1.58496250072116	473
1.77085201164214	0	474
2.33645973384853	1	475
2.39269695325967	1	476
2.21748394421391	1	477
2.66370092538965	2	478
2.28330122870355	1	479
2.14612803567824	1	480
2.11394335230684	0	481
2.42813479402879	1	482
2.40823996531185	1	483
2.12057393120585	0	484
1.86332286012046	0	485
2.27415784926368	1.58496250072116	486
1.85125834871908	1	487
2.35024801833416	2	488
2.80753502806885	1	489
1.7160033436348	1	490
3.00259798071991	2	491
2.12710479836481	0	492
1.54406804435028	0	493
1.44715803134222	0	494
2.73158876518674	2	495
1.99563519459755	0	496
2.60205999132796	1	497
1.81291335664286	1.58496250072116	498
2.11394335230684	0	499
2.53019969820308	2	500
2.26007138798507	1.58496250072116	501
2.2148438480477	1	502
1.23044892137827	0	503
1.86332286012046	1	504
2.67577834167409	0	505
2.11394335230684	1	506
1.51851393987789	0	507
2.55750720190566	1	508
2.02938377768521	0	509
3.63778982936223	2	510
2.74429298312268	2	511
1.88649072517248	0	512
2.85125834871908	2	513
2.38560627359831	1	514
1.85125834871908	1	515
1.70757017609794	0	516
2.5854607295085	1	517
3.01619735351244	1.58496250072116	518
2.65224634100332	1.58496250072116	519
1.07918124604762	1	520
1.78532983501077	1	521
1.34242268082221	0	522
1.17609125905568	0	523
2.18752072083646	0	524
2.45939248775923	0	525
2.19033169817029	1	526
2.25527250510331	1	527
2.70070371714502	1.58496250072116	528
2.06818586174616	0	529
1.91907809237607	0	530
2.48713837547719	2	531
2.67760695272049	1.58496250072116	532
1.61278385671974	0	533
1.96848294855394	0	534
1.70757017609794	0	535
1.61278385671974	1	536
1.79239168949825	0	537
2.53147891704226	1	538
2.32428245529769	1	539
1.84509804001426	0	540
2.06069784035361	0	541
2.38381536598043	2	542
3.24402958903002	2	543
1.43136376415899	0	544
1.88081359228079	1	545
1.86923171973098	0	546
2.79657433321043	1	547
1.44715803134222	1	548
2.00860017176192	1	549
3.03502928220237	2	550
2.22271647114758	1	551
1.97772360528885	0	552
1.67209785793572	1	553
2.15836249209525	1	554
1.55630250076729	0	555
2.69284691927723	2	556
2.38201704257487	1	557
1.76342799356294	1	558
2.3747483460101	1.58496250072116	559
1.69019608002851	0	560
1.70757017609794	0	561
1.89762709129044	0	562
1.50514997831991	0	563
2.00432137378264	0	564
2.31386722036915	1	565
2.16435285578444	0	566
2.15228834438306	1	567
2.25285303097989	0	568
2.59549622182557	1.58496250072116	569
1.23044892137827	1	570
2.58092497567562	1	571
2.06818586174616	0	572
2.46834733041216	1.58496250072116	573
1.73239375982297	0	574
1.44715803134222	0	575
3.06032002868829	2	576
2.61172330800734	3.32192809488736	577
2.66745295288995	2	578
2.20139712432045	1	579
1.79934054945358	0	580
1.91907809237607	0	581
1.51851393987789	0	582
1.64345267648619	1	583
2.26245108973043	1	584
1.51851393987789	0	585
1.91907809237607	1.58496250072116	586
1.34242268082221	1	587
1.94939000664491	0	588
3.22530928172586	2	589
1.50514997831991	0	590
2.72835378202123	1	591
2.07554696139253	1	592
1.75587485567249	0	593
2.43296929087441	2	594
2.68484536164441	1	595
2.36735592102602	0	596
1.82607480270083	1	597
1.36172783601759	0	598
2.01703333929878	1	599
2.51188336097887	0	600
1.94939000664491	1	601
1.91381385238372	1	602
1.47712125471966	0	603
1.39794000867204	1	604
1.39794000867204	0	605
2.36735592102602	1	606
2.00860017176192	0	607
2.52633927738984	1.58496250072116	608
1.7160033436348	1	609
1.86332286012046	1	610
1.95424250943932	1	611
2.06445798922692	1.58496250072116	612
1.34242268082221	0	613
1.27875360095283	0	614
2.87966920563205	2	615
2.04921802267018	0	616
2.37291200297011	2	617
2.08278537031645	1	618
2.04139268515823	2.58496250072116	619
1.77815125038364	0	620
1.32221929473392	0	621
1.50514997831991	0	622
1.9731278535997	1	623
2.31175386105575	1	624
1.7160033436348	1	625
2.12057393120585	2.32192809488736	626
2.28555730900777	0	627
2.31175386105575	0	628
2.20411998265593	1	629
2.57170883180869	1	630
2.28103336724773	0	631
1.51851393987789	0	632
1.68124123737559	0	633
1.55630250076729	1	634
2.34830486304816	1	635
3.53542071805617	2.58496250072116	636
2.93851972517649	2.32192809488736	637
2.33445375115093	0	638
2.48429983934679	0	639
2.53019969820308	1.58496250072116	640
1.68124123737559	0	641
2.04921802267018	1	642
2.87563993700417	1.58496250072116	643
2.19312459835446	1	644
1.38021124171161	0	645
1.75587485567249	0	646
1.89762709129044	1.58496250072116	647
2.64345267648619	0	648
1.74036268949424	0	649
3.33705972632052	1	650
1.17609125905568	0	651
2.35793484700045	1	652
1.23044892137827	0	653
1.63346845557959	0	654
1.17609125905568	0	655
1.23044892137827	0	656
2.95424250943933	1	657
2.50242711998443	1	658
1.11394335230684	0	659
2.15228834438306	0	660
2.58092497567562	1.58496250072116	661
1.34242268082221	0	662
1.83884909073726	0	663
1.51851393987789	0	664
2.26007138798507	1	665
3.24674470972384	1	666
1.77085201164214	1	667
1.41497334797082	1	668
1.98677173426624	1	669
1.57978359661681	1	670
1.88081359228079	1	671
1.95904139232109	1	672
1.7160033436348	0	673
2.35218251811136	1	674
1.9731278535997	0	675
2.54900326202579	0	676
2.22530928172586	1	677
1.7481880270062	1	678
2.13033376849501	2	679
1.51851393987789	0	680
0.778151250383644	0	681
1.95904139232109	0	682
1.27875360095283	0	683
0.954242509439325	1	684
1.66275783168157	0	685
1.72427586960079	0	686
2.98632377705077	1	687
1.7160033436348	0	688
2.24797326636181	0	689
1.34242268082221	0	690
2.03742649794062	0	691
1.93951925261862	1.58496250072116	692
2.7701152947871	0	693
1.82607480270083	0	694
1.73239375982297	0	695
1.76342799356294	0	696
2.53907609879278	1	697
1.61278385671974	0	698
2.52504480703685	0	699
1.43136376415899	0	700
1.53147891704226	0	701
2.02530586526477	1	702
1.70757017609794	0	703
2	1	704
2.40312052117582	0	705
1.49136169383427	0	706
2.13672056715641	0	707
1.68124123737559	0	708
1	0	709
1.67209785793572	0	710
1.43136376415899	0	711
2.24551266781415	0	712
1.78532983501077	0	713
2.26717172840301	2	714
2.39445168082622	0	715
2.6222140229663	0	716
2.49136169383427	1	717
1.9731278535997	1	718
1.75587485567249	0	719
2.72672720902657	1	720
2.83442070368153	0	721
3.29203443599474	1.58496250072116	722
2.18184358794477	1	723
1.34242268082221	0	724
2.66181268553726	1	725
1.61278385671974	0	726
1.17609125905568	0	727
2.10720996964787	1	728
3.33785842904109	2.32192809488736	729
2.15533603746506	1	730
2.55022835305509	0	731
2.20682587603185	0	732
1.78532983501077	1	733
1.89209460269048	0	734
2.79169064902012	1	735
1.81291335664286	1	736
1.51851393987789	0	737
2.19865708695442	0	738
1.93951925261862	0	739
2.78390357927274	1	740
2.09691001300806	0	741
2.45636603312904	0	742
1.47712125471966	0	743
1.98227123303957	0	744
2.22530928172586	0	745
2.59769518592551	1	746
1.78532983501077	0	747
2.13987908640124	0	748
2.10720996964787	2	749
1.04139268515822	0	750
1.38021124171161	0	751
2.34830486304816	1	752
2.2405492482826	1	753
3.10482840365366	2	754
1.47712125471966	0	755
1.74036268949424	1	756
2.23299611039215	1	757
1.79239168949825	0	758
1.43136376415899	0	759
2.21748394421391	1	760
1.88649072517248	1	761
2.4456042032736	2	762
2.72754125702856	1	763
1.43136376415899	0	764
1.47712125471966	0	765
1.27875360095283	0	766
2.89817648349768	1.58496250072116	767
1.90848501887865	2	768
1.77085201164214	0	769
2.36361197989214	2	770
1.17609125905568	0	771
2.53402610605614	1	772
1.79934054945358	0	773
1.17609125905568	0	774
1.77815125038364	1	775
1.17609125905568	0	776
1.7160033436348	0	777
1.23044892137827	0	778
2.04532297878666	1	779
2.75204844781944	0	780
2.52244423350632	0	781
2.33243845991561	1	782
1.92427928606188	0	783
2.30102999566398	1.58496250072116	784
1.32221929473392	0	785
2.08635983067475	0	786
1.46239799789896	0	787
1.57978359661681	1.58496250072116	788
2.22010808804006	0	789
1.86332286012046	0	790
1.50514997831991	0	791
1.98227123303957	1	792
2.05307844348342	1	793
2.36361197989214	1	794
1.8750612633917	1	795
1.46239799789896	0	796
1.5910646070265	1	797
2.50242711998443	2	798
1.49136169383427	0	799
1.89762709129044	0	800
2.48572142648158	1	801
2.46239799789896	0	802
3.17580163284828	1.58496250072116	803
3.00987563371216	2	804
2.53019969820308	1	805
1.53147891704226	0	806
1.25527250510331	0	807
2.22530928172586	2	808
2.3096301674259	0	809
1.41497334797082	0	810
1.25527250510331	1	811
2.71096311899528	1	812
2.36921585741014	1	813
2.03342375548695	0	814
1.41497334797082	0	815
1.30102999566398	0	816
1.46239799789896	0	817
2.13672056715641	0	818
2.54157924394658	2	819
2.31806333496276	2	820
1.55630250076729	0	821
1.83250891270624	0	822
1.51851393987789	0	823
1.99563519459755	1	824
1.17609125905568	0	825
1.04139268515822	1	826
2.75587485567249	1.58496250072116	827
1.51851393987789	1	828
1.44715803134222	0	829
1.38021124171161	0	830
1.72427586960079	1	831
2.54900326202579	0	832
1.38021124171161	0	833
1.5910646070265	0	834
1.54406804435028	0	835
1.50514997831991	0	836
2.9216864754836	2	837
2.45939248775923	2	838
2.08635983067475	0	839
2.03342375548695	1	840
2.59439255037543	1	841
1.47712125471966	0	842
2.29666519026153	0	843
2.09342168516224	1	844
1.46239799789896	1	845
2.19312459835446	1	846
2.06445798922692	0	847
2.45024910831936	0	848
2.43616264704076	1	849
1.7481880270062	1	850
2.13353890837022	1	851
2.60638136511061	1	852
1.83884909073726	0	853
2.34242268082221	1	854
1.32221929473392	0	855
2.73239375982297	1.58496250072116	856
3.26173854735254	2	857
1.54406804435028	0	858
1.43136376415899	0	859
0.845098040014257	0	860
1.89762709129044	0	861
1.25527250510331	0	862
2.69460519893357	1.58496250072116	863
1.95904139232109	0	864
1.6232492903979	0	865
1.27875360095283	0	866
1.98677173426624	0	867
1.64345267648619	0	868
1	0	869
1.25527250510331	0	870
2.13033376849501	0	871
2.00432137378264	1	872
1.55630250076729	1	873
1.5910646070265	0	874
1.5910646070265	0	875
2.2380461031288	0	876
1.86923171973098	0	877
1.79239168949825	0	878
2.14612803567824	0	879
2.60314437262018	1	880
1.85733249643127	1.58496250072116	881
2.49554433754645	1.58496250072116	882
1.69897000433602	0	883
2	0	884
1.54406804435028	0	885
2.19589965240923	1	886
2.34830486304816	2	887
1.5910646070265	1	888
1.568201724067	0	889
0.954242509439325	0	890
2.10380372095596	1	891
1.43136376415899	0	892
1.17609125905568	0	893
2.47421626407626	0	894
2.20411998265593	1.58496250072116	895
1.61278385671974	0	896
1.568201724067	0	897
1.83250891270624	1	898
1.23044892137827	0	899
2.02530586526477	0	900
2.6170003411209	0	901
1.64345267648619	0	902
1.85125834871908	0	903
1.11394335230684	1	904
1.36172783601759	0	905
1.70757017609794	0	906
1.92427928606188	0	907
1.98677173426624	0	908
1.50514997831991	1	909
2.37657695705651	0	910
2.31597034545692	2	911
2.17897694729317	1	912
3.20951501454263	1.58496250072116	913
1.95424250943932	0	914
1.53147891704226	1	915
2.35983548233989	1	916
1.11394335230684	0	917
1.61278385671974	0	918
2.10380372095596	0	919
1.04139268515822	0	920
1.30102999566398	1	921
1.9912260756925	1	922
1.83250891270624	0	923
1.57978359661681	0	924
1.57978359661681	0	925
1.36172783601759	0	926
1.51851393987789	1	927
1.39794000867204	0	928
1.7481880270062	0	929
1.23044892137827	0	930
1.81291335664286	0	931
1.57978359661681	0	932
2.04921802267018	1.58496250072116	933
2.80888586735981	1	934
2.62428209583567	2	935
1.65321251377534	1	936
1.98677173426624	1	937
2.08278537031645	1	938
1.88649072517248	0	939
1.36172783601759	0	940
2.04139268515823	1	941
1.76342799356294	0	942
2.01703333929878	0	943
2.44247976906445	0	944
1.67209785793572	0	945
0.903089986991944	0	946
1.83250891270624	0	947
1.32221929473392	0	948
1.32221929473392	0	949
1.11394335230684	0	950
2.71933128698373	2	951
1.74036268949424	1	952
0.698970004336019	1	953
2.05690485133647	1	954
1.30102999566398	1	955
1.51851393987789	0	956
2.85247999363686	1	957
1.79934054945358	0	958
1.46239799789896	1	959
1.07918124604762	0	960
1.77815125038364	1	961
1.88649072517248	1	962
1.34242268082221	1	963
1.55630250076729	0	964
2.56702636615906	1	965
1.43136376415899	0	966
1.46239799789896	0	967
1.30102999566398	2	968
1.73239375982297	1	969
1	0	970
1.75587485567249	0	971
2.17897694729317	1	972
2.09342168516224	0	973
2.42651126136458	1	974
2.00432137378264	1	975
2.26245108973043	1	976
2.39619934709574	1	977
2.05307844348342	1	978
1.77815125038364	1	979
1.93449845124357	1	980
1.68124123737559	1	981
1.36172783601759	0	982
1.55630250076729	1.58496250072116	983
2.55144999797288	0	984
2.02530586526477	1	985
2.28555730900777	0	986
1.49136169383427	0	987
1.38021124171161	1	988
2.09691001300806	1	989
1.36172783601759	0	990
1.04139268515822	0	991
1.96378782734556	0	992
1.88081359228079	0	993
1.88649072517248	0	994
1.83884909073726	1	995
1.11394335230684	1	996
1.50514997831991	0	997
2.70842090013471	0	998
2.48995847942483	1.58496250072116	999
2.28555730900777	1.58496250072116	1000
2.11394335230684	1	1001
1.64345267648619	0	1002
1.78532983501077	0	1003
1.86332286012046	1	1004
2.07188200730613	1.58496250072116	1005
1.17609125905568	0	1006
1.49136169383427	1	1007
1.34242268082221	0	1008
3.06707085604537	1	1009
1.7160033436348	1	1010
1.55630250076729	1	1011
1.70757017609794	1	1012
1.53147891704226	1	1013
1.61278385671974	0	1014
1.7481880270062	0	1015
1.23044892137827	2	1016
1.80617997398389	0	1017
1.6232492903979	0	1018
1.23044892137827	0	1019
1.72427586960079	1	1020
1.57978359661681	0	1021
2.17026171539496	1	1022
2.49136169383427	1	1023
2.49554433754645	1	1024
0.778151250383644	0	1025
1.67209785793572	1	1026
1.70757017609794	0	1027
1.73239375982297	1	1028
2.27415784926368	0	1029
1.23044892137827	0	1030
1.5910646070265	2	1031
1.568201724067	0	1032
1.80617997398389	0	1033
2.19033169817029	0	1034
2.40993312333129	1	1035
2.14612803567824	1	1036
3.08457627793433	1	1037
1.44715803134222	0	1038
1.25527250510331	0	1039
1.23044892137827	0	1040
1.32221929473392	1	1041
1.34242268082221	0	1042
1.25527250510331	0	1043
1.23044892137827	0	1044
1.74036268949424	0	1045
1.51851393987789	1	1046
1.41497334797082	0	1047
2.13353890837022	0	1048
1.65321251377534	0	1049
1.34242268082221	0	1050
1.36172783601759	1	1051
1	0	1052
1.69897000433602	1	1053
1.07918124604762	0	1054
1.79934054945358	0	1055
2.58319877396862	1	1056
1.54406804435028	0	1057
1.36172783601759	1	1058
1.53147891704226	0	1059
2.11727129565576	1	1060
2.35024801833416	1	1061
1.81954393554187	0	1062
1.61278385671974	1	1063
2.38738982633873	1	1064
2.32428245529769	1	1065
1.68124123737559	0	1066
1.74036268949424	1	1067
1.73239375982297	0	1068
1.79934054945358	1	1069
1.38021124171161	0	1070
2.41329976408125	1	1071
1.30102999566398	0	1072
1.23044892137827	1	1073
1.38021124171161	1	1074
1.14612803567824	0	1075
1.95424250943932	0	1076
1.27875360095283	0	1077
1.91381385238372	0	1078
2.08635983067475	1	1079
1.36172783601759	0	1080
2.26951294421792	0	1081
2.23552844690755	1.58496250072116	1082
2.07554696139253	0	1083
1.53147891704226	1	1084
2.17318626841227	2	1085
2.64738297011462	1	1086
1.91381385238372	0	1087
1.85733249643127	1	1088
1.07918124604762	0	1089
2.20682587603185	1	1090
1.85125834871908	1	1091
1.11394335230684	1	1092
1.74036268949424	0	1093
2.24551266781415	0	1094
1.04139268515822	0	1095
1.44715803134222	0	1096
1.51851393987789	0	1097
1.74036268949424	0	1098
2.16136800223497	0	1099
1.14612803567824	0	1100
1.85125834871908	0	1101
2.30749603791321	1	1102
2.76417613239033	0	1103
1.32221929473392	0	1104
1.44715803134222	2	1105
0.778151250383644	0	1106
2.04532297878666	0	1107
2.03742649794062	1	1108
1.43136376415899	0	1109
1.25527250510331	0	1110
1.25527250510331	1	1111
1.17609125905568	0	1112
1.94939000664491	1.58496250072116	1113
1.7160033436348	0	1114
0.602059991327962	0	1115
1.57978359661681	0	1116
2.03742649794062	0	1117
1.34242268082221	1	1118
1.23044892137827	0	1119
1.43136376415899	0	1120
1.77085201164214	0	1121
2.3654879848909	0	1122
1.63346845557959	0	1123
1.6232492903979	0	1124
1.39794000867204	0	1125
2.21218760440396	1	1126
2.00860017176192	0	1127
1.51851393987789	1	1128
1.32221929473392	1	1129
2.46834733041216	0	1130
2.83884909073726	1.58496250072116	1131
2.31386722036915	0	1132
2.13672056715641	0	1133
1.60205999132796	0	1134
2.37839790094814	1	1135
1.5910646070265	0	1136
2.49415459401844	0	1137
2.06445798922692	0	1138
1.43136376415899	1	1139
1.36172783601759	1	1140
1.49136169383427	1	1141
0.778151250383644	0	1142
1.78532983501077	0	1143
2.19033169817029	1	1144
1.78532983501077	1	1145
1.81291335664286	1	1146
1.46239799789896	1	1147
1.78532983501077	1	1148
3.48756256025638	2	1149
1.32221929473392	0	1150
1.14612803567824	0	1151
1.65321251377534	0	1152
1.83884909073726	1	1153
1.90308998699194	1	1154
2.06818586174616	0	1155
1.41497334797082	0	1156
2.2380461031288	0	1157
1.86923171973098	1	1158
2.05307844348342	1.58496250072116	1159
1.11394335230684	0	1160
1.94939000664491	0	1161
1.32221929473392	0	1162
1.14612803567824	0	1163
1.5910646070265	0	1164
1.91907809237607	1	1165
2.1846914308176	0	1166
1.44715803134222	0	1167
1.23044892137827	0	1168
1.66275783168157	0	1169
1.81954393554187	1	1170
1.568201724067	0	1171
2.24303804868629	1	1172
1.43136376415899	0	1173
1.94448267215017	1.58496250072116	1174
1.39794000867204	0	1175
1.20411998265592	1	1176
1.38021124171161	0	1177
2.11394335230684	1	1178
1.20411998265592	0	1179
1.25527250510331	0	1180
1.38021124171161	0	1181
1.7160033436348	0	1182
1.39794000867204	0	1183
1.90848501887865	0	1184
1.94939000664491	1.58496250072116	1185
2.16731733474818	1	1186
1.60205999132796	1	1187
0.602059991327962	0	1188
2.38916608436453	1	1189
2.10037054511756	2	1190
2.27875360095283	0	1191
2.50242711998443	2	1192
1.93449845124357	1	1193
1	0	1194
1.7160033436348	0	1195
2.01283722470517	1	1196
1.39794000867204	0	1197
1.32221929473392	0	1198
1.72427586960079	1	1199
1.20411998265592	0	1200
2.23299611039215	1	1201
1.20411998265592	1	1202
2.65127801399814	1.58496250072116	1203
1.44715803134222	1	1204
0.698970004336019	0	1205
3.10551018476997	1.58496250072116	1206
1.63346845557959	0	1207
1.6232492903979	0	1208
1.23044892137827	0	1209
1.60205999132796	0	1210
1.83884909073726	0	1211
2.02118929906994	0	1212
1.94939000664491	0	1213
1.38021124171161	0	1214
1.70757017609794	0	1215
1.90308998699194	0	1216
1.04139268515822	0	1217
1.9912260756925	0	1218
1.51851393987789	0	1219
1.94448267215017	0	1220
1.69897000433602	0	1221
1.20411998265592	0	1222
1.36172783601759	0	1223
1.51851393987789	0	1224
1.20411998265592	0	1225
1.65321251377534	0	1226
1.27875360095283	0	1227
1.07918124604762	0	1228
1.25527250510331	0	1229
1.27875360095283	0	1230
2.43933269383026	1.58496250072116	1231
1.17609125905568	0	1232
1.5910646070265	0	1233
1.32221929473392	0	1234
1	0	1235
1.53147891704226	1	1236
1.77815125038364	0	1237
1.63346845557959	0	1238
1.568201724067	0	1239
1.07918124604762	0	1240
1.20411998265592	0	1241
1.25527250510331	0	1242
1.32221929473392	0	1243
1.67209785793572	0	1244
1.91381385238372	1	1245
1.38021124171161	0	1246
0.954242509439325	0	1247
2.01703333929878	1	1248
1.23044892137827	0	1249
0.778151250383644	0	1250
1.36172783601759	1	1251
2.87215627274829	1.58496250072116	1252
1.53147891704226	0	1253
1.75587485567249	1	1254
1.53147891704226	0	1255
1.98227123303957	1.58496250072116	1256
1.43136376415899	0	1257
2.35793484700045	1	1258
1.69897000433602	0	1259
1.41497334797082	1	1260
1.53147891704226	0	1261
1.80617997398389	0	1262
3.08206693428511	1	1263
1.57978359661681	0	1264
1.36172783601759	0	1265
1.25527250510331	0	1266
1.69897000433602	1	1267
1.51851393987789	0	1268
1.36172783601759	0	1269
1.44715803134222	0	1270
1	0	1271
1.38021124171161	0	1272
2.36361197989214	2	1273
2.51982799377572	1	1274
2.88986172125819	2	1275
1.14612803567824	0	1276
1.04139268515822	0	1277
2.29446622616159	0	1278
2.45484486000851	1	1279
1.94939000664491	0	1280
2.28555730900777	1	1281
1.17609125905568	0	1282
2.03742649794062	0	1283
2.60314437262018	0	1284
1.23044892137827	0	1285
2.16731733474818	2	1286
1.88081359228079	0	1287
1.25527250510331	0	1288
1.04139268515822	0	1289
1.70757017609794	1	1290
2.16435285578444	0	1291
1.11394335230684	0	1292
1.44715803134222	0	1293
1.568201724067	1.58496250072116	1294
0.903089986991944	0	1295
0.903089986991944	0	1296
1.51851393987789	0	1297
2.09691001300806	1.58496250072116	1298
1.68124123737559	1	1299
1.568201724067	0	1300
1.07918124604762	0	1301
1.17609125905568	0	1302
1.46239799789896	0	1303
1.36172783601759	0	1304
0.477121254719662	0	1305
1.39794000867204	0	1306
1.568201724067	0	1307
1.23044892137827	0	1308
1.41497334797082	0	1309
1.5910646070265	0	1310
2.06069784035361	1	1311
1.14612803567824	0	1312
0.903089986991944	0	1313
1.55630250076729	0	1314
1.91381385238372	0	1315
1.6232492903979	0	1316
1.50514997831991	0	1317
1.91907809237607	1	1318
1.61278385671974	0	1319
1.20411998265592	0	1320
1.34242268082221	0	1321
1.80617997398389	0	1322
2.32837960343874	1	1323
0.845098040014257	0	1324
1.17609125905568	0	1325
1.66275783168157	0	1326
2.78746047451842	1.58496250072116	1327
1.36172783601759	0	1328
1.34242268082221	1	1329
1.88649072517248	0	1330
1.79239168949825	1	1331
2.32428245529769	0	1332
1.67209785793572	0	1333
2.69019608002851	1	1334
1.11394335230684	0	1335
1.64345267648619	0	1336
1.47712125471966	1	1337
0.954242509439325	0	1338
1.39794000867204	1	1339
1.25527250510331	0	1340
1.67209785793572	1	1341
1.69897000433602	0	1342
1.70757017609794	0	1343
1.66275783168157	0	1344
1.72427586960079	0	1345
1.23044892137827	0	1346
1.04139268515822	0	1347
2.06818586174616	1.58496250072116	1348
1.34242268082221	1	1349
1.36172783601759	0	1350
1.07918124604762	0	1351
1.27875360095283	0	1352
2.69722934275972	0	1353
1.17609125905568	0	1354
1	0	1355
1.20411998265592	0	1356
0.778151250383644	0	1357
1.34242268082221	0	1358
2.78461729263288	1.58496250072116	1359
1.27875360095283	0	1360
1.41497334797082	1	1361
1.07918124604762	0	1362
1.41497334797082	0	1363
1.95424250943932	0	1364
1.81954393554187	0	1365
1.96378782734556	1	1366
1.80617997398389	0	1367
1.53147891704226	1	1368
1.20411998265592	0	1369
1.51851393987789	0	1370
1.92427928606188	1.58496250072116	1371
1.17609125905568	0	1372
1.43136376415899	1.58496250072116	1373
1.27875360095283	0	1374
2.07554696139253	1	1375
1.25527250510331	0	1376
0.778151250383644	0	1377
0.845098040014257	0	1378
1.99563519459755	1	1379
1.69019608002851	0	1380
1.07918124604762	0	1381
1.65321251377534	0	1382
1.38021124171161	0	1383
1.81954393554187	0	1384
1.72427586960079	2	1385
1	0	1386
1.51851393987789	1	1387
1.67209785793572	0	1388
0.903089986991944	0	1389
1.81954393554187	0	1390
2.15533603746506	0	1391
1.90308998699194	0	1392
1.96378782734556	1	1393
2.27415784926368	1	1394
1.67209785793572	0	1395
2.09691001300806	0	1396
0.954242509439325	1	1397
1.75587485567249	0	1398
1.27875360095283	0	1399
1.14612803567824	0	1400
2.03342375548695	0	1401
1.41497334797082	0	1402
1.11394335230684	1	1403
1.14612803567824	0	1404
1.79239168949825	0	1405
1.23044892137827	1	1406
2.50514997831991	2	1407
1.53147891704226	0	1408
1.86923171973098	0	1409
1.38021124171161	1	1410
1.43136376415899	0	1411
1.54406804435028	0	1412
0.778151250383644	0	1413
0.698970004336019	0	1414
2.55388302664387	1.58496250072116	1415
1.78532983501077	0	1416
0.903089986991944	0	1417
1.27875360095283	0	1418
0.845098040014257	0	1419
1.43136376415899	0	1420
1.5910646070265	0	1421
1	0	1422
1.30102999566398	1	1423
1.69019608002851	0	1424
1.9912260756925	0	1425
1.81954393554187	0	1426
2.48995847942483	3	1427
1.36172783601759	0	1428
1.86332286012046	1	1429
2.3747483460101	0	1430
1.53147891704226	0	1431
2.32428245529769	0	1432
2.27875360095283	1	1433
1.8750612633917	1	1434
1.7481880270062	0	1435
2.2148438480477	1	1436
2.22271647114758	1	1437
1.78532983501077	0	1438
1	1	1439
1.86923171973098	1	1440
1.88649072517248	1	1441
2.06445798922692	1.58496250072116	1442
2.05690485133647	1	1443
1.568201724067	0	1444
1.78532983501077	0	1445
1.77815125038364	0	1446
2.31806333496276	0	1447
1.25527250510331	0	1448
2.06818586174616	1	1449
1.81954393554187	1	1450
1.98227123303957	0	1451
2.02530586526477	1	1452
1.38021124171161	0	1453
0.698970004336019	0	1454
0.602059991327962	0	1455
2.32837960343874	0	1456
2.12057393120585	0	1457
2.30102999566398	1	1458
1.85733249643127	0	1459
1.63346845557959	1	1460
1	0	1461
2.03342375548695	1	1462
1.23044892137827	0	1463
2.02118929906994	1	1464
1	1	1465
1.43136376415899	1	1466
2.35024801833416	0	1467
1.20411998265592	0	1468
2.29225607135648	1	1469
2.40823996531185	1.58496250072116	1470
2.4456042032736	2	1471
1.69019608002851	0	1472
2.10380372095596	0	1473
2.21748394421391	0	1474
1.80617997398389	1	1475
1.7160033436348	0	1476
1.46239799789896	0	1477
0.903089986991944	0	1478
2.07554696139253	0	1479
1.53147891704226	1	1480
1.36172783601759	0	1481
1.53147891704226	0	1482
1.43136376415899	0	1483
1.36172783601759	0	1484
1.27875360095283	0	1485
0.477121254719662	0	1486
1.93951925261862	1	1487
1.57978359661681	0	1488
1.55630250076729	0	1489
1.88081359228079	1.58496250072116	1490
2.23299611039215	0	1491
1.23044892137827	0	1492
1.61278385671974	0	1493
0.954242509439325	0	1494
1.43136376415899	0	1495
1.07918124604762	0	1496
1.30102999566398	0	1497
1.53147891704226	0	1498
1.25527250510331	0	1499
1.34242268082221	0	1500
1.51851393987789	0	1501
1	0	1502
1.79934054945358	1.58496250072116	1503
2.11058971029925	0	1504
2.11727129565576	0	1505
1.32221929473392	0	1506
1.84509804001426	1	1507
1.67209785793572	1	1508
1.68124123737559	0	1509
1.568201724067	1	1510
1.50514997831991	1	1511
1.60205999132796	0	1512
1.72427586960079	1	1513
1.27875360095283	0	1514
1.17609125905568	1	1515
1.04139268515822	0	1516
1.66275783168157	0	1517
1.44715803134222	0	1518
1.50514997831991	1	1519
1.39794000867204	0	1520
1.81291335664286	0	1521
2.10380372095596	1	1522
0.778151250383644	0	1523
0.698970004336019	0	1524
1.7481880270062	0	1525
1.38021124171161	0	1526
1.23044892137827	0	1527
2.24303804868629	0	1528
1.50514997831991	0	1529
1.44715803134222	0	1530
1.54406804435028	1	1531
1.55630250076729	0	1532
1.11394335230684	0	1533
1.51851393987789	0	1534
1.75587485567249	0	1535
1.78532983501077	1.58496250072116	1536
1.23044892137827	0	1537
1.41497334797082	0	1538
1.85125834871908	0	1539
1.04139268515822	0	1540
1.6232492903979	0	1541
1.568201724067	0	1542
1.25527250510331	0	1543
1.57978359661681	0	1544
1.67209785793572	0	1545
1.44715803134222	0	1546
1.07918124604762	0	1547
0.602059991327962	0	1548
1.34242268082221	0	1549
1.75587485567249	0	1550
1.44715803134222	0	1551
1.04139268515822	0	1552
1.23044892137827	0	1553
1.11394335230684	1	1554
1.44715803134222	1	1555
2.17318626841227	1	1556
1.55630250076729	0	1557
1.47712125471966	0	1558
0.698970004336019	1	1559
1.20411998265592	0	1560
1.32221929473392	0	1561
1.55630250076729	0	1562
3.13513265137678	1.58496250072116	1563
1	0	1564
0.845098040014257	0	1565
1.25527250510331	1	1566
1.41497334797082	0	1567
1.99563519459755	1	1568
1.75587485567249	1	1569
1.67209785793572	0	1570
2.42975228000241	0	1571
1.61278385671974	1	1572
1.36172783601759	0	1573
2.11058971029925	1	1574
1.41497334797082	1	1575
0.698970004336019	0	1576
0.602059991327962	0	1577
1.51851393987789	0	1578
1.04139268515822	0	1579
1.11394335230684	0	1580
1.568201724067	0	1581
1.68124123737559	0	1582
1.32221929473392	0	1583
1.91381385238372	0	1584
1.60205999132796	0	1585
1.44715803134222	0	1586
1.36172783601759	0	1587
1.86923171973098	0	1588
1.79934054945358	0	1589
1.14612803567824	0	1590
1.61278385671974	1	1591
1.04139268515822	0	1592
1.38021124171161	0	1593
1.61278385671974	1	1594
1.20411998265592	1	1595
1.04139268515822	0	1596
1.20411998265592	0	1597
1.66275783168157	0	1598
1.32221929473392	1	1599
1.75587485567249	0	1600
2.27646180417324	1	1601
2.31806333496276	1	1602
1.7160033436348	0	1603
2.86391737695786	1	1604
1.91907809237607	0	1605
1.46239799789896	0	1606
1.32221929473392	0	1607
1.14612803567824	0	1608
1.25527250510331	0	1609
1.85125834871908	0	1610
1.65321251377534	0	1611
0.845098040014257	0	1612
1.07918124604762	0	1613
2.52374646681156	1	1614
2.36361197989214	3.32192809488736	1615
1.63346845557959	0	1616
1.27875360095283	0	1617
1.8750612633917	1.58496250072116	1618
1.17609125905568	1	1619
2.02118929906994	0	1620
2.03342375548695	1	1621
1.30102999566398	0	1622
1.20411998265592	0	1623
1.51851393987789	0	1624
2.06069784035361	0	1625
2.05307844348342	1	1626
2.19865708695442	1	1627
2.01703333929878	1	1628
1	0	1629
2.35793484700045	1	1630
2.29446622616159	1	1631
1.76342799356294	0	1632
1.17609125905568	0	1633
1.44715803134222	0	1634
1.14612803567824	0	1635
1.61278385671974	0	1636
1	0	1637
1.17609125905568	0	1638
1.43136376415899	0	1639
1.568201724067	0	1640
2.29003461136252	0	1641
0.903089986991944	0	1642
0.845098040014257	0	1643
1.25527250510331	0	1644
1.27875360095283	0	1645
1.17609125905568	0	1646
1.77815125038364	0	1647
0.954242509439325	0	1648
1.17609125905568	0	1649
0	0	1650
1.75587485567249	0	1651
1.11394335230684	1	1652
1.17609125905568	0	1653
1	0	1654
1.44715803134222	1	1655
1.8750612633917	1	1656
1.77085201164214	0	1657
1.38021124171161	0	1658
1.36172783601759	1	1659
1.04139268515822	0	1660
1	0	1661
1.51851393987789	1	1662
1.38021124171161	0	1663
1.63346845557959	1	1664
1.66275783168157	1	1665
1.76342799356294	1	1666
1.74036268949424	0	1667
0.845098040014257	0	1668
1.34242268082221	1	1669
1.20411998265592	0	1670
1.23044892137827	0	1671
1.36172783601759	0	1672
1.27875360095283	0	1673
1.17609125905568	0	1674
1.49136169383427	0	1675
1.36172783601759	0	1676
1.95904139232109	0	1677
0.845098040014257	1	1678
1.20411998265592	0	1679
1.34242268082221	0	1680
1.27875360095283	0	1681
1.43136376415899	0	1682
1.25527250510331	0	1683
2.21218760440396	1	1684
1.27875360095283	0	1685
1.51851393987789	0	1686
1.14612803567824	0	1687
1.41497334797082	0	1688
0.602059991327962	0	1689
1.54406804435028	0	1690
1.77085201164214	1	1691
1.86332286012046	0	1692
2.17897694729317	1	1693
2.82020145948564	2	1694
1.20411998265592	0	1695
1.17609125905568	0	1696
1.92427928606188	0	1697
0.778151250383644	0	1698
1.43136376415899	0	1699
0.903089986991944	0	1700
0.845098040014257	0	1701
1.27875360095283	0	1702
1.65321251377534	1	1703
1.34242268082221	0	1704
2.15533603746506	0	1705
0.845098040014257	0	1706
1.54406804435028	1	1707
1.43136376415899	0	1708
1.70757017609794	0	1709
0.778151250383644	0	1710
1.34242268082221	0	1711
1.97772360528885	0	1712
1.85733249643127	0	1713
2.02118929906994	1	1714
1.32221929473392	0	1715
1.43136376415899	0	1716
1.04139268515822	0	1717
0.903089986991944	0	1718
1.36172783601759	1	1719
1.07918124604762	0	1720
1.38021124171161	0	1721
1.23044892137827	0	1722
1.50514997831991	0	1723
1	0	1724
1.23044892137827	0	1725
0.602059991327962	0	1726
1.49136169383427	1	1727
1.96378782734556	0	1728
1.83884909073726	1	1729
1.64345267648619	0	1730
1.65321251377534	1	1731
1.74036268949424	0	1732
1.32221929473392	0	1733
1.38021124171161	0	1734
0.778151250383644	0	1735
1.47712125471966	0	1736
1.47712125471966	0	1737
1.04139268515822	1	1738
1.55630250076729	1	1739
1.34242268082221	0	1740
1.5910646070265	0	1741
1.04139268515822	0	1742
2.01703333929878	0	1743
1	1	1744
1.20411998265592	0	1745
1.11394335230684	0	1746
1	0	1747
1.17609125905568	0	1748
1.83884909073726	1	1749
0.698970004336019	0	1750
0.698970004336019	0	1751
0.903089986991944	0	1752
1.34242268082221	0	1753
1.41497334797082	0	1754
0.903089986991944	0	1755
1.04139268515822	0	1756
1.51851393987789	0	1757
1.04139268515822	0	1758
1	1	1759
1.60205999132796	0	1760
1.41497334797082	0	1761
0.778151250383644	0	1762
1.46239799789896	0	1763
0.954242509439325	0	1764
1.07918124604762	0	1765
1.04139268515822	0	1766
1.14612803567824	0	1767
1	0	1768
1.43136376415899	0	1769
1.04139268515822	0	1770
1.57978359661681	1	1771
1.80617997398389	1.58496250072116	1772
1.41497334797082	0	1773
1.25527250510331	0	1774
1.11394335230684	0	1775
0.903089986991944	1	1776
1.04139268515822	0	1777
1.30102999566398	0	1778
1.54406804435028	0	1779
1.11394335230684	0	1780
0.698970004336019	0	1781
1	0	1782
1.65321251377534	0	1783
1.65321251377534	1	1784
0.954242509439325	0	1785
1	0	1786
1.30102999566398	0	1787
1.55630250076729	0	1788
1.44715803134222	1	1789
1.53147891704226	0	1790
2.38560627359831	1	1791
1.91381385238372	1	1792
1.38021124171161	0	1793
1.14612803567824	0	1794
0.698970004336019	0	1795
0.845098040014257	0	1796
1.11394335230684	0	1797
1.49136169383427	1	1798
0.954242509439325	0	1799
1	0	1800
1.11394335230684	0	1801
1.04139268515822	1	1802
1	0	1803
1.41497334797082	0	1804
0.477121254719662	0	1805
1.30102999566398	0	1806
1.89762709129044	0	1807
1.36172783601759	0	1808
1.67209785793572	0	1809
1.14612803567824	0	1810
0.845098040014257	0	1811
1.07918124604762	0	1812
1.25527250510331	0	1813
1.07918124604762	1	1814
1.27875360095283	0	1815
2.45939248775923	1	1816
1.41497334797082	0	1817
1.11394335230684	1	1818
1.07918124604762	0	1819
1.68124123737559	0	1820
1.54406804435028	0	1821
0.301029995663981	0	1822
2.1430148002541	1	1823
0.954242509439325	0	1824
0.698970004336019	0	1825
0.698970004336019	0	1826
1.92941892571429	0	1827
1.73239375982297	0	1828
0.954242509439325	0	1829
0.698970004336019	0	1830
1.65321251377534	1	1831
1.17609125905568	0	1832
1.43136376415899	0	1833
1	0	1834
1.14612803567824	1	1835
1	0	1836
1.51851393987789	1	1837
0.301029995663981	0	1838
1.74036268949424	1	1839
1.6232492903979	0	1840
2.1430148002541	0	1841
1.07918124604762	0	1842
1.07918124604762	0	1843
1.43136376415899	0	1844
1.43136376415899	1	1845
1.43136376415899	0	1846
1.60205999132796	0	1847
1.38021124171161	0	1848
1.38021124171161	0	1849
1.568201724067	0	1850
0.903089986991944	0	1851
0.477121254719662	0	1852
1.20411998265592	0	1853
1.07918124604762	0	1854
1.17609125905568	0	1855
1.57978359661681	1	1856
1.38021124171161	1	1857
0.954242509439325	0	1858
1.86923171973098	0	1859
0.845098040014257	0	1860
1.76342799356294	1	1861
1.14612803567824	0	1862
1.41497334797082	1	1863
1.36172783601759	0	1864
0.954242509439325	0	1865
1.20411998265592	0	1866
1.65321251377534	0	1867
0.778151250383644	0	1868
1.47712125471966	0	1869
2.04532297878666	0	1870
1.9912260756925	0	1871
1.66275783168157	0	1872
1	0	1873
1	0	1874
1.27875360095283	1	1875
0.602059991327962	0	1876
0.602059991327962	0	1877
1.57978359661681	1	1878
1.04139268515822	0	1879
1.20411998265592	0	1880
1.17609125905568	0	1881
2.33243845991561	0	1882
1.72427586960079	0	1883
1.25527250510331	0	1884
1.11394335230684	0	1885
1.43136376415899	0	1886
1.43136376415899	0	1887
1.11394335230684	1	1888
1.568201724067	0	1889
1	0	1890
0.698970004336019	0	1891
1.32221929473392	0	1892
0.903089986991944	0	1893
1.30102999566398	0	1894
1.50514997831991	0	1895
1.38021124171161	0	1896
1.07918124604762	0	1897
1.14612803567824	0	1898
0.602059991327962	0	1899
1.20411998265592	0	1900
1	0	1901
2.02938377768521	0	1902
1.04139268515822	0	1903
1.7481880270062	0	1904
1.68124123737559	0	1905
0.698970004336019	0	1906
1.04139268515822	1	1907
1.36172783601759	0	1908
1.04139268515822	0	1909
1.25527250510331	0	1910
1	0	1911
0.602059991327962	0	1912
1.27875360095283	0	1913
1.38021124171161	1	1914
1.88081359228079	0	1915
0.778151250383644	0	1916
1.64345267648619	0	1917
1.25527250510331	0	1918
1.27875360095283	1	1919
1.07918124604762	0	1920
0.954242509439325	0	1921
0.778151250383644	0	1922
1.34242268082221	0	1923
1.07918124604762	0	1924
1.568201724067	1	1925
1.38021124171161	1	1926
1.17609125905568	0	1927
1.20411998265592	0	1928
1.34242268082221	0	1929
1.34242268082221	0	1930
1.14612803567824	0	1931
1.27875360095283	0	1932
0.954242509439325	0	1933
1	0	1934
1	0	1935
1.66275783168157	0	1936
0.778151250383644	0	1937
0.903089986991944	0	1938
1	0	1939
1.04139268515822	0	1940
0.845098040014257	0	1941
1.27875360095283	0	1942
1.88081359228079	1	1943
0.845098040014257	0	1944
1.49136169383427	0	1945
1.63346845557959	0	1946
1.88081359228079	1	1947
1.39794000867204	0	1948
1.85125834871908	1	1949
1.36172783601759	0	1950
2.20411998265593	1	1951
1.43136376415899	0	1952
1.44715803134222	1	1953
1.38021124171161	0	1954
2.06069784035361	1	1955
0.778151250383644	0	1956
0.954242509439325	0	1957
0.698970004336019	0	1958
1.9731278535997	0	1959
1.04139268515822	0	1960
1.44715803134222	0	1961
1.36172783601759	0	1962
1	1	1963
1.23044892137827	1	1964
0.778151250383644	0	1965
0.602059991327962	0	1966
1.11394335230684	0	1967
1.70757017609794	1	1968
1.23044892137827	0	1969
1.53147891704226	0	1970
2.13033376849501	1	1971
1.07918124604762	0	1972
2.16731733474818	0	1973
1.6232492903979	0	1974
1.34242268082221	0	1975
1.32221929473392	0	1976
1.32221929473392	0	1977
1.14612803567824	0	1978
0.845098040014257	0	1979
1.07918124604762	1	1980
0.903089986991944	0	1981
0.778151250383644	0	1982
0.903089986991944	1.58496250072116	1983
1.04139268515822	1	1984
1.25527250510331	1	1985
1.98227123303957	0	1986
0.778151250383644	0	1987
0.903089986991944	0	1988
2.17026171539496	0	1989
0.954242509439325	0	1990
1.5910646070265	1	1991
1.04139268515822	0	1992
0.602059991327962	0	1993
1.39794000867204	0	1994
1.76342799356294	1	1995
0.903089986991944	0	1996
1.30102999566398	0	1997
1.38021124171161	0	1998
2.01703333929878	1.58496250072116	1999
0.954242509439325	0	2000
0.903089986991944	0	2001
0.698970004336019	0	2002
0.602059991327962	0	2003
1.38021124171161	0	2004
1.54406804435028	1	2005
1.44715803134222	1	2006
1.89209460269048	2	2007
1.07918124604762	1	2008
1.34242268082221	1	2009
0.602059991327962	0	2010
1.25527250510331	1	2011
1.27875360095283	0	2012
1.11394335230684	0	2013
0.602059991327962	0	2014
1.27875360095283	0	2015
1.43136376415899	0	2016
2.07554696139253	0	2017
0.954242509439325	0	2018
2.0899051114394	1	2019
2.15228834438306	1	2020
2.07188200730613	0	2021
1.11394335230684	0	2022
1.63346845557959	1	2023
1.14612803567824	0	2024
1.04139268515822	0	2025
1.11394335230684	0	2026
1.67209785793572	0	2027
1.67209785793572	1	2028
0.778151250383644	0	2029
0.698970004336019	0	2030
1.14612803567824	0	2031
1.36172783601759	0	2032
1.17609125905568	0	2033
0.845098040014257	0	2034
1.81954393554187	0	2035
1.51851393987789	0	2036
1.85733249643127	1	2037
0.954242509439325	1	2038
0.954242509439325	0	2039
0.954242509439325	0	2040
1.07918124604762	0	2041
1.17609125905568	0	2042
1.39794000867204	0	2043
1.04139268515822	0	2044
0.778151250383644	0	2045
0.903089986991944	0	2046
0.845098040014257	0	2047
1.88081359228079	0	2048
1.20411998265592	0	2049
1.50514997831991	1	2050
1.14612803567824	0	2051
0.698970004336019	0	2052
1.60205999132796	0	2053
1.92427928606188	2	2054
2.10720996964787	1	2055
1.91907809237607	0	2056
2.2380461031288	1	2057
2.10380372095596	0	2058
2.10720996964787	1	2059
1.39794000867204	0	2060
0.602059991327962	0	2061
0.602059991327962	0	2062
1.04139268515822	0	2063
1	0	2064
1.43136376415899	0	2065
0.903089986991944	0	2066
2.13353890837022	1	2067
1.07918124604762	0	2068
0.477121254719662	0	2069
1.07918124604762	0	2070
1.23044892137827	1	2071
0.698970004336019	0	2072
1.07918124604762	0	2073
2.2405492482826	1.58496250072116	2074
1.04139268515822	0	2075
0.602059991327962	0	2076
0.602059991327962	0	2077
1.49136169383427	0	2078
2.35602585719312	1.58496250072116	2079
1.57978359661681	0	2080
1.07918124604762	1	2081
1.04139268515822	0	2082
1.66275783168157	1	2083
1	1	2084
1.23044892137827	0	2085
1.46239799789896	0	2086
1.43136376415899	0	2087
0.778151250383644	0	2088
1.66275783168157	0	2089
1.76342799356294	0	2090
1.20411998265592	0	2091
2.38201704257487	1.58496250072116	2092
0.954242509439325	0	2093
1.20411998265592	0	2094
0.698970004336019	0	2095
0.778151250383644	0	2096
1.9912260756925	0	2097
0.698970004336019	0	2098
0.954242509439325	0	2099
1.04139268515822	0	2100
1.69019608002851	0	2101
1.04139268515822	0	2102
0.954242509439325	0	2103
0.903089986991944	0	2104
1.54406804435028	0	2105
1.17609125905568	0	2106
1.11394335230684	0	2107
1.94939000664491	0	2108
1.20411998265592	0	2109
0.954242509439325	0	2110
1.14612803567824	0	2111
1.17609125905568	0	2112
1.85125834871908	0	2113
1.46239799789896	1	2114
0.954242509439325	0	2115
0.778151250383644	0	2116
1.27875360095283	0	2117
1.20411998265592	0	2118
0.698970004336019	0	2119
1.39794000867204	1	2120
0.903089986991944	0	2121
1.568201724067	0	2122
1.97772360528885	2	2123
2.10720996964787	1	2124
1.7160033436348	0	2125
0.698970004336019	0	2126
1.46239799789896	0	2127
1.79934054945358	0	2128
1.07918124604762	1	2129
2.0899051114394	0	2130
1.04139268515822	1	2131
1.94448267215017	0	2132
1.51851393987789	1	2133
0.698970004336019	0	2134
0.903089986991944	0	2135
0.903089986991944	0	2136
1	0	2137
0.778151250383644	0	2138
0.954242509439325	0	2139
0.845098040014257	0	2140
0.698970004336019	0	2141
0.778151250383644	0	2142
0.954242509439325	0	2143
0.845098040014257	0	2144
0.602059991327962	0	2145
1.34242268082221	1	2146
1.25527250510331	0	2147
0.954242509439325	1	2148
1.17609125905568	0	2149
0.954242509439325	0	2150
0.778151250383644	0	2151
1.67209785793572	1	2152
1.66275783168157	0	2153
1.20411998265592	1	2154
1.17609125905568	0	2155
0.698970004336019	0	2156
1	0	2157
1.41497334797082	0	2158
1.38021124171161	0	2159
1.36172783601759	0	2160
1.30102999566398	0	2161
1.34242268082221	1	2162
1.39794000867204	1.58496250072116	2163
1.78532983501077	2	2164
1.43136376415899	0	2165
1.07918124604762	1	2166
0.602059991327962	0	2167
1.11394335230684	0	2168
1.07918124604762	0	2169
1.11394335230684	1	2170
0.778151250383644	0	2171
1.44715803134222	0	2172
2.45024910831936	1	2173
1.23044892137827	0	2174
0.845098040014257	0	2175
0.778151250383644	0	2176
1.76342799356294	0	2177
0.845098040014257	0	2178
1.30102999566398	0	2179
1	1	2180
1	0	2181
1.38021124171161	1	2182
1.36172783601759	0	2183
1.07918124604762	0	2184
0.698970004336019	0	2185
0.778151250383644	0	2186
1.36172783601759	0	2187
0.778151250383644	0	2188
0.903089986991944	0	2189
0.845098040014257	1	2190
1.30102999566398	0	2191
0.903089986991944	0	2192
0.903089986991944	0	2193
1.81291335664286	0	2194
1.14612803567824	1	2195
1.07918124604762	1	2196
0.903089986991944	0	2197
0.778151250383644	0	2198
1.83250891270624	1	2199
0.845098040014257	0	2200
1.86332286012046	0	2201
1.11394335230684	0	2202
1.14612803567824	0	2203
1.04139268515822	0	2204
1.70757017609794	0	2205
1.17609125905568	0	2206
1.11394335230684	0	2207
0.698970004336019	1	2208
0.477121254719662	0	2209
1.23044892137827	0	2210
1.20411998265592	0	2211
0.602059991327962	0	2212
0.903089986991944	0	2213
1.14612803567824	0	2214
2.12710479836481	0	2215
1.34242268082221	0	2216
1.36172783601759	1.58496250072116	2217
1.11394335230684	1	2218
2.02530586526477	0	2219
1.14612803567824	1	2220
0.954242509439325	0	2221
1.20411998265592	0	2222
1.61278385671974	0	2223
0.602059991327962	0	2224
1.53147891704226	0	2225
1	0	2226
1.25527250510331	0	2227
1.93951925261862	0	2228
1.04139268515822	1	2229
1	0	2230
0.698970004336019	1	2231
0.903089986991944	0	2232
1	0	2233
0.602059991327962	0	2234
1.23044892137827	0	2235
1.14612803567824	0	2236
0.778151250383644	0	2237
1.44715803134222	0	2238
1.34242268082221	0	2239
0.698970004336019	0	2240
1	0	2241
2.28780172993023	0	2242
0.778151250383644	0	2243
1.17609125905568	1	2244
0.778151250383644	0	2245
0.954242509439325	0	2246
1.25527250510331	1	2247
1.75587485567249	0	2248
0.602059991327962	0	2249
1.14612803567824	0	2250
1.25527250510331	0	2251
1.27875360095283	0	2252
1.89762709129044	0	2253
1.11394335230684	0	2254
0.954242509439325	0	2255
1.38021124171161	0	2256
0.477121254719662	0	2257
0.903089986991944	0	2258
0.903089986991944	0	2259
1.64345267648619	1	2260
1.76342799356294	1	2261
1.76342799356294	0	2262
1.93951925261862	1	2263
1	0	2264
0.477121254719662	0	2265
1.69897000433602	0	2266
1.30102999566398	1	2267
0.778151250383644	0	2268
1.27875360095283	0	2269
1.78532983501077	1	2270
0.845098040014257	0	2271
1.38021124171161	0	2272
2.69196510276736	0	2273
0.845098040014257	0	2274
1.85733249643127	1	2275
1	1	2276
1.68124123737559	1	2277
0.698970004336019	0	2278
0.698970004336019	0	2279
0.698970004336019	0	2280
0.903089986991944	0	2281
1.32221929473392	0	2282
1.38021124171161	0	2283
1.17609125905568	0	2284
1.23044892137827	0	2285
2.13033376849501	0	2286
1.95424250943932	0	2287
1.53147891704226	0	2288
1.51851393987789	0	2289
0.778151250383644	0	2290
1.80617997398389	0	2291
1.17609125905568	0	2292
1.36172783601759	0	2293
1.51851393987789	1	2294
1.07918124604762	0	2295
0.903089986991944	0	2296
0.954242509439325	0	2297
1.93951925261862	0	2298
1.82607480270083	0	2299
0.845098040014257	0	2300
1.72427586960079	0	2301
0.954242509439325	1	2302
1.14612803567824	0	2303
1.27875360095283	0	2304
1.41497334797082	0	2305
1.23044892137827	0	2306
1.32221929473392	0	2307
1.23044892137827	0	2308
0.845098040014257	0	2309
0.602059991327962	0	2310
1.04139268515822	0	2311
1.67209785793572	1	2312
1.07918124604762	1	2313
1.11394335230684	1	2314
1.04139268515822	0	2315
1.39794000867204	0	2316
1.568201724067	0	2317
2.27875360095283	1	2318
1.32221929473392	0	2319
0.602059991327962	0	2320
0.602059991327962	0	2321
0.602059991327962	0	2322
0.602059991327962	0	2323
0.602059991327962	1	2324
1.11394335230684	0	2325
0.477121254719662	0	2326
1.17609125905568	0	2327
0.778151250383644	0	2328
0.903089986991944	0	2329
1.41497334797082	0	2330
1.23044892137827	0	2331
1.44715803134222	0	2332
2.13033376849501	0	2333
1.82607480270083	1.58496250072116	2334
0.845098040014257	0	2335
1.23044892137827	0	2336
1.74036268949424	1	2337
0.954242509439325	0	2338
1.17609125905568	0	2339
1.07918124604762	0	2340
1.65321251377534	0	2341
1.27875360095283	0	2342
1.32221929473392	1	2343
0.602059991327962	0	2344
1.46239799789896	0	2345
1	0	2346
1.17609125905568	0	2347
0.903089986991944	0	2348
1.04139268515822	0	2349
1.23044892137827	0	2350
0.602059991327962	0	2351
0.845098040014257	0	2352
0.778151250383644	0	2353
1.49136169383427	0	2354
1.14612803567824	0	2355
0.698970004336019	0	2356
1.60205999132796	0	2357
1.17609125905568	0	2358
1	0	2359
0.903089986991944	0	2360
1.44715803134222	1	2361
1.47712125471966	1	2362
1.17609125905568	0	2363
1.41497334797082	0	2364
0.903089986991944	1	2365
1	0	2366
0.903089986991944	0	2367
0.698970004336019	0	2368
2.02118929906994	1	2369
1.5910646070265	0	2370
1.34242268082221	1	2371
1.11394335230684	0	2372
1	0	2373
1.23044892137827	0	2374
1.11394335230684	1	2375
0	0	2376
0.778151250383644	0	2377
1.11394335230684	1	2378
2.22530928172586	0	2379
0.477121254719662	0	2380
0.301029995663981	0	2381
1.20411998265592	1	2382
1	0	2383
1.27875360095283	1	2384
2.04921802267018	0	2385
1.34242268082221	0	2386
2.22788670461367	1.58496250072116	2387
1.34242268082221	0	2388
0.698970004336019	0	2389
0.903089986991944	0	2390
0.954242509439325	0	2391
1.34242268082221	1	2392
1.43136376415899	1	2393
0.698970004336019	0	2394
0.845098040014257	1	2395
1.20411998265592	0	2396
0	0	2397
0.602059991327962	0	2398
0.903089986991944	1	2399
1.49136169383427	0	2400
1.17609125905568	0	2401
1.23044892137827	0	2402
1.07918124604762	0	2403
1.53147891704226	0	2404
1.20411998265592	0	2405
1.55630250076729	0	2406
1.83250891270624	0	2407
1.77815125038364	0	2408
0.778151250383644	0	2409
1.30102999566398	0	2410
0.477121254719662	1	2411
0.698970004336019	0	2412
1.74036268949424	0	2413
1.66275783168157	0	2414
1.36172783601759	0	2415
1	0	2416
1.39794000867204	2	2417
0.698970004336019	0	2418
1.49136169383427	1	2419
1.23044892137827	0	2420
0.698970004336019	0	2421
1.53147891704226	0	2422
1.49136169383427	0	2423
1.54406804435028	0	2424
1.94939000664491	0	2425
0.778151250383644	0	2426
0.778151250383644	0	2427
0.477121254719662	0	2428
0.698970004336019	0	2429
0.778151250383644	0	2430
1.47712125471966	0	2431
1.76342799356294	1	2432
0.845098040014257	0	2433
0.954242509439325	0	2434
1.69897000433602	1	2435
1	1	2436
1.14612803567824	1	2437
0.845098040014257	0	2438
0.845098040014257	0	2439
1.9912260756925	0	2440
2.11727129565576	1	2441
0.845098040014257	0	2442
0.903089986991944	0	2443
1	0	2444
0.477121254719662	0	2445
1.27875360095283	0	2446
0.602059991327962	0	2447
1.25527250510331	0	2448
0.477121254719662	0	2449
1.34242268082221	0	2450
1.73239375982297	1	2451
1.64345267648619	1	2452
0.698970004336019	0	2453
1.36172783601759	2	2454
0.477121254719662	0	2455
0.477121254719662	0	2456
1.17609125905568	0	2457
1.14612803567824	0	2458
1.39794000867204	0	2459
1.14612803567824	0	2460
1.94448267215017	0	2461
1.30102999566398	0	2462
1.82607480270083	1	2463
1.90848501887865	0	2464
0.698970004336019	0	2465
1.25527250510331	0	2466
0.903089986991944	0	2467
1.14612803567824	0	2468
0.698970004336019	0	2469
1.51851393987789	1	2470
1.43136376415899	0	2471
1.14612803567824	1	2472
0.698970004336019	0	2473
0.698970004336019	0	2474
1.14612803567824	0	2475
0.954242509439325	0	2476
1.25527250510331	0	2477
0.778151250383644	0	2478
1.38021124171161	1	2479
1.04139268515822	0	2480
1.36172783601759	1.58496250072116	2481
1.43136376415899	0	2482
0.903089986991944	0	2483
1	1	2484
0.778151250383644	0	2485
0.602059991327962	0	2486
1.07918124604762	0	2487
1.34242268082221	0	2488
1.14612803567824	0	2489
2.3747483460101	0	2490
1.77815125038364	0	2491
1.61278385671974	1	2492
1.34242268082221	0	2493
1.20411998265592	0	2494
0.477121254719662	0	2495
2.19033169817029	0	2496
1.20411998265592	1	2497
0.778151250383644	0	2498
1.38021124171161	0	2499
1.95424250943932	1	2500
0.602059991327962	0	2501
1.04139268515822	0	2502
1.34242268082221	0	2503
1.75587485567249	0	2504
0.698970004336019	0	2505
1	0	2506
1.04139268515822	0	2507
1.84509804001426	0	2508
0.778151250383644	1	2509
0.903089986991944	0	2510
1.55630250076729	0	2511
1.14612803567824	0	2512
1.94448267215017	0	2513
1.81954393554187	0	2514
1.04139268515822	1	2515
1.17609125905568	0	2516
1	0	2517
1.27875360095283	0	2518
0.778151250383644	0	2519
0.698970004336019	0	2520
0.778151250383644	0	2521
0.698970004336019	0	2522
0.903089986991944	0	2523
0.954242509439325	0	2524
1.27875360095283	0	2525
0.698970004336019	0	2526
1.64345267648619	0	2527
1.04139268515822	1	2528
0.477121254719662	0	2529
0.301029995663981	0	2530
0.845098040014257	1	2531
1.14612803567824	0	2532
1.95904139232109	0	2533
1.11394335230684	0	2534
1.17609125905568	1	2535
1.63346845557959	1	2536
1.04139268515822	0	2537
1.11394335230684	0	2538
1.25527250510331	0	2539
1.51851393987789	0	2540
1.41497334797082	0	2541
1	0	2542
0.845098040014257	0	2543
1	1	2544
1.64345267648619	1	2545
0.954242509439325	0	2546
1.20411998265592	1	2547
2.43296929087441	0	2548
1.25527250510331	0	2549
1.43136376415899	0	2550
1	0	2551
1.25527250510331	0	2552
1.38021124171161	0	2553
1.14612803567824	0	2554
1.17609125905568	0	2555
1.07918124604762	0	2556
1.7160033436348	1	2557
1.93951925261862	2	2558
0.778151250383644	0	2559
1	0	2560
1.38021124171161	1.58496250072116	2561
1.07918124604762	0	2562
1.46239799789896	0	2563
1.27875360095283	0	2564
1.27875360095283	0	2565
1.23044892137827	0	2566
2.17609125905568	1	2567
1.77815125038364	0	2568
0.954242509439325	0	2569
0.903089986991944	0	2570
1.11394335230684	0	2571
1.5910646070265	0	2572
1.72427586960079	1	2573
1.64345267648619	0	2574
0.778151250383644	0	2575
1.07918124604762	0	2576
1.07918124604762	0	2577
1.20411998265592	0	2578
0.698970004336019	0	2579
0.602059991327962	0	2580
1.34242268082221	0	2581
1.23044892137827	0	2582
1.07918124604762	0	2583
0.698970004336019	1	2584
1.04139268515822	0	2585
0.301029995663981	0	2586
0.698970004336019	1	2587
0.698970004336019	1	2588
1.68124123737559	1	2589
0.845098040014257	0	2590
1.34242268082221	0	2591
0.602059991327962	0	2592
1.41497334797082	0	2593
0.602059991327962	0	2594
0.477121254719662	0	2595
1.20411998265592	0	2596
0.903089986991944	0	2597
1.17609125905568	1	2598
0.477121254719662	0	2599
0.845098040014257	0	2600
0.477121254719662	0	2601
1.20411998265592	1	2602
1.34242268082221	0	2603
1.20411998265592	0	2604
0.698970004336019	0	2605
1.38021124171161	0	2606
0.698970004336019	0	2607
0.845098040014257	0	2608
1.11394335230684	0	2609
0.778151250383644	1	2610
0.903089986991944	0	2611
1.17609125905568	0	2612
1.34242268082221	0	2613
1.27875360095283	1	2614
0.954242509439325	0	2615
1.49136169383427	0	2616
1.07918124604762	0	2617
1	0	2618
1.20411998265592	0	2619
0.778151250383644	0	2620
1	0	2621
1.17609125905568	0	2622
1.54406804435028	0	2623
0.845098040014257	0	2624
1.07918124604762	0	2625
0.903089986991944	0	2626
1.17609125905568	0	2627
0.845098040014257	0	2628
0.954242509439325	1	2629
0.477121254719662	0	2630
1.14612803567824	1	2631
1	0	2632
0.778151250383644	1	2633
0.845098040014257	0	2634
1.51851393987789	0	2635
0.954242509439325	0	2636
0.602059991327962	0	2637
1	0	2638
1.14612803567824	0	2639
1.20411998265592	0	2640
1.27875360095283	0	2641
1.23044892137827	1	2642
1	0	2643
1.86923171973098	0	2644
1.81291335664286	1	2645
1.47712125471966	0	2646
0.477121254719662	0	2647
1	0	2648
0.903089986991944	0	2649
1.07918124604762	0	2650
0.778151250383644	0	2651
0.954242509439325	1	2652
1.04139268515822	0	2653
1.44715803134222	0	2654
1.44715803134222	0	2655
1.32221929473392	1	2656
0.698970004336019	0	2657
1.55630250076729	0	2658
0.903089986991944	0	2659
1.23044892137827	0	2660
1.04139268515822	1	2661
0.954242509439325	0	2662
1.07918124604762	0	2663
1.74036268949424	1.58496250072116	2664
1.32221929473392	0	2665
0.602059991327962	0	2666
0.698970004336019	0	2667
1.07918124604762	0	2668
1.23044892137827	0	2669
0.301029995663981	0	2670
0.698970004336019	0	2671
1.14612803567824	0	2672
1.36172783601759	0	2673
1	0	2674
0.698970004336019	0	2675
1.36172783601759	0	2676
0.602059991327962	0	2677
1.25527250510331	0	2678
0.845098040014257	0	2679
0.778151250383644	0	2680
0.477121254719662	0	2681
1.20411998265592	0	2682
0.903089986991944	0	2683
0.477121254719662	0	2684
0.602059991327962	0	2685
0.698970004336019	0	2686
0.602059991327962	1	2687
1.23044892137827	0	2688
0.778151250383644	0	2689
1.34242268082221	0	2690
1.32221929473392	0	2691
0.477121254719662	0	2692
0.477121254719662	0	2693
0.602059991327962	0	2694
1.34242268082221	1	2695
1.27875360095283	0	2696
1.70757017609794	0	2697
1	1	2698
0.954242509439325	1	2699
0.778151250383644	0	2700
1	0	2701
1.34242268082221	0	2702
1.04139268515822	0	2703
1.14612803567824	0	2704
0.477121254719662	0	2705
0.954242509439325	0	2706
1	0	2707
1.07918124604762	0	2708
1.568201724067	0	2709
1.17609125905568	0	2710
0.301029995663981	0	2711
0.778151250383644	1	2712
1.11394335230684	0	2713
1.43136376415899	0	2714
1.55630250076729	0	2715
1.30102999566398	0	2716
0.954242509439325	0	2717
1.32221929473392	1	2718
0.845098040014257	0	2719
0.698970004336019	0	2720
1.90848501887865	1	2721
0.778151250383644	0	2722
0.477121254719662	0	2723
0.845098040014257	0	2724
1.41497334797082	0	2725
0.477121254719662	0	2726
0.698970004336019	0	2727
1.23044892137827	0	2728
0.698970004336019	0	2729
1	0	2730
1.17609125905568	0	2731
1.23044892137827	0	2732
1.23044892137827	0	2733
2	0	2734
1.39794000867204	0	2735
1	0	2736
1.20411998265592	1	2737
1.14612803567824	0	2738
1.36172783601759	0	2739
1.39794000867204	1	2740
0.778151250383644	0	2741
1.30102999566398	0	2742
0.698970004336019	0	2743
1.25527250510331	0	2744
0.954242509439325	0	2745
0.845098040014257	0	2746
1.34242268082221	0	2747
1	1	2748
0.477121254719662	0	2749
0.903089986991944	0	2750
0.477121254719662	0	2751
0.477121254719662	0	2752
0.602059991327962	0	2753
0.602059991327962	0	2754
0.602059991327962	0	2755
1.14612803567824	0	2756
0.954242509439325	0	2757
1.57978359661681	0	2758
1.75587485567249	0	2759
1.38021124171161	0	2760
0.477121254719662	0	2761
1.20411998265592	1	2762
0.477121254719662	0	2763
1.11394335230684	0	2764
0.903089986991944	0	2765
1.07918124604762	0	2766
1.38021124171161	0	2767
1.11394335230684	0	2768
1.50514997831991	1	2769
0.845098040014257	0	2770
0.477121254719662	0	2771
1.39794000867204	0	2772
0.477121254719662	0	2773
1.92427928606188	0	2774
1.25527250510331	0	2775
1.76342799356294	1	2776
1	0	2777
1.20411998265592	0	2778
1.04139268515822	0	2779
1.34242268082221	0	2780
1.07918124604762	0	2781
1.74036268949424	0	2782
0.903089986991944	0	2783
0.477121254719662	0	2784
0.602059991327962	0	2785
1.50514997831991	1	2786
1.88081359228079	0	2787
2.35024801833416	1	2788
0.602059991327962	0	2789
1.568201724067	1	2790
1.50514997831991	1	2791
1.38021124171161	0	2792
1.25527250510331	0	2793
0.845098040014257	1	2794
1.32221929473392	1	2795
0.954242509439325	0	2796
1.41497334797082	1	2797
1.25527250510331	0	2798
0.477121254719662	0	2799
0.954242509439325	1	2800
0.778151250383644	0	2801
1.39794000867204	0	2802
0.954242509439325	1	2803
1.32221929473392	0	2804
1.17609125905568	0	2805
0.301029995663981	0	2806
1.30102999566398	0	2807
0.845098040014257	0	2808
0.954242509439325	0	2809
1.17609125905568	0	2810
0.778151250383644	0	2811
1.20411998265592	0	2812
1.07918124604762	0	2813
1.20411998265592	0	2814
1.68124123737559	1	2815
1.46239799789896	0	2816
0.778151250383644	0	2817
0.698970004336019	0	2818
1.14612803567824	0	2819
1.07918124604762	0	2820
1.83250891270624	1	2821
1.14612803567824	0	2822
1.72427586960079	0	2823
1.07918124604762	1	2824
1.32221929473392	0	2825
0.845098040014257	0	2826
0.477121254719662	0	2827
0.698970004336019	0	2828
1.11394335230684	0	2829
0.903089986991944	0	2830
1.39794000867204	0	2831
0.698970004336019	0	2832
0.845098040014257	0	2833
0.477121254719662	0	2834
1.07918124604762	0	2835
0.778151250383644	0	2836
1.49136169383427	0	2837
1.20411998265592	0	2838
1.25527250510331	0	2839
0.845098040014257	0	2840
0.301029995663981	0	2841
1.11394335230684	0	2842
0.954242509439325	1	2843
0.698970004336019	0	2844
0.903089986991944	0	2845
1	0	2846
2.1430148002541	0	2847
1.04139268515822	0	2848
1.07918124604762	1	2849
0.301029995663981	0	2850
1	0	2851
1.30102999566398	0	2852
1.61278385671974	1	2853
0.477121254719662	0	2854
0.845098040014257	0	2855
0.698970004336019	0	2856
0.778151250383644	0	2857
1.11394335230684	0	2858
1	0	2859
0.903089986991944	0	2860
0.954242509439325	0	2861
0.778151250383644	0	2862
1.60205999132796	0	2863
1.80617997398389	0	2864
1.30102999566398	1	2865
1.50514997831991	0	2866
1.43136376415899	0	2867
0.903089986991944	0	2868
1	0	2869
1.14612803567824	0	2870
1.36172783601759	0	2871
1.27875360095283	0	2872
1.04139268515822	0	2873
0.845098040014257	0	2874
1.23044892137827	0	2875
2.34242268082221	1	2876
2.19033169817029	0	2877
0.698970004336019	0	2878
0.698970004336019	0	2879
0.778151250383644	0	2880
1.07918124604762	0	2881
0.301029995663981	0	2882
1.47712125471966	0	2883
1.30102999566398	1	2884
1.14612803567824	0	2885
1.90848501887865	0	2886
0.477121254719662	0	2887
2.08278537031645	1	2888
1.07918124604762	0	2889
1.67209785793572	0	2890
1.47712125471966	0	2891
1.20411998265592	1	2892
2.33041377334919	2	2893
0.698970004336019	0	2894
0.477121254719662	0	2895
1	0	2896
1.25527250510331	0	2897
1.36172783601759	0	2898
1.47712125471966	0	2899
1.41497334797082	1	2900
1.04139268515822	0	2901
0.698970004336019	0	2902
1	0	2903
1	0	2904
0.602059991327962	0	2905
0.778151250383644	0	2906
1	0	2907
1.30102999566398	1	2908
0.602059991327962	0	2909
1.04139268515822	0	2910
1.54406804435028	0	2911
1.60205999132796	0	2912
1.82607480270083	1	2913
1.23044892137827	0	2914
1.14612803567824	0	2915
1.07918124604762	0	2916
0.954242509439325	0	2917
1.23044892137827	0	2918
0.903089986991944	0	2919
0.602059991327962	0	2920
1.50514997831991	0	2921
0.954242509439325	0	2922
1.32221929473392	0	2923
2.10720996964787	1	2924
1.11394335230684	0	2925
1.07918124604762	0	2926
2.22530928172586	0	2927
1.04139268515822	0	2928
1.23044892137827	0	2929
0.845098040014257	0	2930
1.11394335230684	0	2931
0.778151250383644	0	2932
0.698970004336019	0	2933
1.04139268515822	0	2934
1.17609125905568	1	2935
1.14612803567824	1	2936
0.698970004336019	0	2937
1.85125834871908	0	2938
0.602059991327962	0	2939
0.845098040014257	0	2940
1.75587485567249	1	2941
1.34242268082221	0	2942
1.36172783601759	0	2943
0.698970004336019	0	2944
1.44715803134222	0	2945
1.38021124171161	0	2946
0.602059991327962	0	2947
0.698970004336019	0	2948
0.778151250383644	0	2949
2.20951501454263	0	2950
0.845098040014257	0	2951
1.07918124604762	0	2952
0.903089986991944	0	2953
1.04139268515822	1	2954
0.778151250383644	0	2955
0.301029995663981	0	2956
0.954242509439325	0	2957
1.93449845124357	1	2958
0.954242509439325	0	2959
1.66275783168157	0	2960
0.477121254719662	1	2961
1.92427928606188	1	2962
1.81291335664286	1	2963
0.845098040014257	0	2964
0.903089986991944	0	2965
0.903089986991944	0	2966
1.70757017609794	0	2967
1	0	2968
0.477121254719662	1	2969
0.477121254719662	0	2970
0.477121254719662	0	2971
0.845098040014257	0	2972
0.477121254719662	0	2973
1.27875360095283	1	2974
1.34242268082221	1	2975
0.698970004336019	0	2976
1.30102999566398	0	2977
0.602059991327962	0	2978
1.23044892137827	1	2979
1.20411998265592	0	2980
2.51454775266029	0	2981
1	0	2982
1.5910646070265	0	2983
1.14612803567824	0	2984
1	0	2985
1.98677173426624	0	2986
1.25527250510331	0	2987
0.778151250383644	0	2988
0.778151250383644	0	2989
0.602059991327962	0	2990
1.11394335230684	0	2991
0.602059991327962	0	2992
0.903089986991944	0	2993
1.20411998265592	0	2994
1.07918124604762	0	2995
1.14612803567824	0	2996
1.17609125905568	0	2997
0.698970004336019	0	2998
1.04139268515822	0	2999
0.903089986991944	0	3000
0.602059991327962	0	3001
1	0	3002
0.477121254719662	0	3003
1	0	3004
0.301029995663981	0	3005
0.778151250383644	0	3006
1.23044892137827	1	3007
1.32221929473392	0	3008
0.845098040014257	0	3009
0.778151250383644	0	3010
0.845098040014257	0	3011
0.698970004336019	0	3012
1.20411998265592	0	3013
1.23044892137827	0	3014
1.61278385671974	0	3015
0.903089986991944	0	3016
1.41497334797082	1	3017
1.07918124604762	0	3018
0.698970004336019	0	3019
1.36172783601759	0	3020
1.04139268515822	0	3021
0.903089986991944	0	3022
1.66275783168157	0	3023
1	0	3024
1.27875360095283	0	3025
1.14612803567824	0	3026
1.57978359661681	1	3027
0.903089986991944	1	3028
0.778151250383644	0	3029
1.11394335230684	0	3030
0.698970004336019	0	3031
0.845098040014257	0	3032
2.01283722470517	1	3033
1.7160033436348	1	3034
0.477121254719662	0	3035
1.20411998265592	0	3036
1.04139268515822	0	3037
1	0	3038
0.778151250383644	0	3039
1.568201724067	1	3040
1.50514997831991	0	3041
0.954242509439325	0	3042
1.47712125471966	0	3043
0.477121254719662	0	3044
1.11394335230684	0	3045
0.698970004336019	0	3046
0.903089986991944	0	3047
0.698970004336019	0	3048
0.602059991327962	0	3049
1.11394335230684	0	3050
1.568201724067	0	3051
0.903089986991944	0	3052
1.20411998265592	0	3053
0.845098040014257	0	3054
0.698970004336019	0	3055
1.07918124604762	1	3056
0.602059991327962	0	3057
0.778151250383644	0	3058
1.04139268515822	0	3059
1.27875360095283	0	3060
2.03342375548695	1	3061
1	1	3062
1.04139268515822	0	3063
0.845098040014257	0	3064
0.903089986991944	0	3065
0.845098040014257	0	3066
1.5910646070265	0	3067
1.11394335230684	0	3068
0.778151250383644	0	3069
2.41329976408125	1	3070
1.57978359661681	0	3071
0.778151250383644	0	3072
0.845098040014257	0	3073
1	0	3074
0.778151250383644	0	3075
0.698970004336019	0	3076
0.903089986991944	0	3077
0.602059991327962	1	3078
1.41497334797082	0	3079
1.23044892137827	0	3080
1	0	3081
0.778151250383644	1	3082
1.69019608002851	0	3083
0.778151250383644	0	3084
1.14612803567824	0	3085
1.04139268515822	0	3086
1.17609125905568	1	3087
0.903089986991944	0	3088
1.11394335230684	1	3089
0.698970004336019	0	3090
1.20411998265592	0	3091
0.903089986991944	0	3092
0.903089986991944	0	3093
0.602059991327962	0	3094
0.477121254719662	0	3095
0.954242509439325	0	3096
0.903089986991944	0	3097
0.477121254719662	0	3098
1.27875360095283	0	3099
1.23044892137827	1	3100
1.20411998265592	0	3101
0.845098040014257	0	3102
0.845098040014257	0	3103
1.27875360095283	1	3104
1.39794000867204	0	3105
0.301029995663981	0	3106
0	0	3107
0.845098040014257	0	3108
0.698970004336019	0	3109
1.5910646070265	0	3110
0.602059991327962	0	3111
0.954242509439325	0	3112
0.845098040014257	1	3113
0.301029995663981	0	3114
1.68124123737559	1	3115
0.477121254719662	0	3116
0.778151250383644	0	3117
1.17609125905568	0	3118
0.602059991327962	0	3119
1.04139268515822	0	3120
0.778151250383644	0	3121
0.698970004336019	0	3122
0.954242509439325	0	3123
0.845098040014257	0	3124
1.20411998265592	0	3125
0.954242509439325	0	3126
1.86923171973098	0	3127
1.20411998265592	1	3128
0.903089986991944	1	3129
0.477121254719662	0	3130
0.602059991327962	1	3131
0.903089986991944	0	3132
1.04139268515822	0	3133
1.07918124604762	0	3134
0.903089986991944	0	3135
0.477121254719662	0	3136
0.477121254719662	0	3137
0.477121254719662	0	3138
1.17609125905568	1	3139
1.44715803134222	0	3140
0.903089986991944	0	3141
0.698970004336019	0	3142
1.89209460269048	1	3143
1.36172783601759	0	3144
1.04139268515822	0	3145
0.602059991327962	0	3146
0.954242509439325	0	3147
0.845098040014257	0	3148
1.38021124171161	0	3149
0.903089986991944	0	3150
0.903089986991944	0	3151
0.602059991327962	0	3152
1	1	3153
1.17609125905568	0	3154
1.07918124604762	0	3155
0.903089986991944	0	3156
0.477121254719662	0	3157
0.778151250383644	0	3158
0.954242509439325	0	3159
0.845098040014257	0	3160
1.20411998265592	0	3161
1.43136376415899	1	3162
1.04139268515822	0	3163
0.301029995663981	0	3164
1.11394335230684	0	3165
0.845098040014257	0	3166
1.47712125471966	0	3167
1.20411998265592	0	3168
1.61278385671974	1	3169
1.64345267648619	0	3170
1.11394335230684	0	3171
1	1	3172
0.954242509439325	0	3173
1.07918124604762	0	3174
1	0	3175
0.903089986991944	0	3176
1.80617997398389	1	3177
1.65321251377534	0	3178
1.69897000433602	1	3179
1.17609125905568	0	3180
1.27875360095283	1	3181
1	0	3182
1.14612803567824	0	3183
1.34242268082221	0	3184
1.17609125905568	0	3185
1.04139268515822	0	3186
0.845098040014257	0	3187
1.14612803567824	0	3188
1.14612803567824	0	3189
0.954242509439325	0	3190
1.04139268515822	0	3191
0.778151250383644	0	3192
0.698970004336019	0	3193
0.698970004336019	0	3194
1.39794000867204	0	3195
1.43136376415899	0	3196
1.04139268515822	0	3197
1.07918124604762	0	3198
1.39794000867204	0	3199
1.66275783168157	0	3200
0.778151250383644	0	3201
0.903089986991944	0	3202
1.66275783168157	1	3203
1.17609125905568	0	3204
0.954242509439325	0	3205
2.8208579894397	1.58496250072116	3206
2.27875360095283	1	3207
1.51851393987789	1	3208
1.51851393987789	0	3209
1.04139268515822	0	3210
1.5910646070265	0	3211
0.845098040014257	0	3212
0.698970004336019	0	3213
0.903089986991944	1	3214
1.07918124604762	0	3215
1.11394335230684	0	3216
0.954242509439325	0	3217
0.845098040014257	0	3218
1.57978359661681	1	3219
0.778151250383644	0	3220
1.86332286012046	0	3221
0.301029995663981	0	3222
1.568201724067	0	3223
1.14612803567824	0	3224
0.778151250383644	1	3225
1.17609125905568	0	3226
1.11394335230684	0	3227
0.698970004336019	0	3228
1.54406804435028	1	3229
1.98677173426624	1.58496250072116	3230
2.47275644931721	2	3231
1.50514997831991	1	3232
1.14612803567824	0	3233
1.43136376415899	0	3234
0.477121254719662	0	3235
1.30102999566398	0	3236
1.04139268515822	1	3237
0.301029995663981	0	3238
0.845098040014257	0	3239
1.84509804001426	0	3240
1.23044892137827	0	3241
0.954242509439325	0	3242
1.38021124171161	1	3243
1.07918124604762	0	3244
1.66275783168157	0	3245
1	0	3246
1.14612803567824	0	3247
1.04139268515822	0	3248
0.845098040014257	0	3249
1.92427928606188	0	3250
0.698970004336019	0	3251
1.14612803567824	0	3252
0.477121254719662	0	3253
1.20411998265592	0	3254
0.954242509439325	0	3255
1.30102999566398	0	3256
1.07918124604762	0	3257
1.11394335230684	0	3258
0.301029995663981	0	3259
0.602059991327962	0	3260
0.602059991327962	0	3261
0.698970004336019	0	3262
0.698970004336019	0	3263
0.477121254719662	0	3264
1.17609125905568	0	3265
0.698970004336019	0	3266
0.778151250383644	0	3267
0.698970004336019	0	3268
0.903089986991944	0	3269
1.14612803567824	0	3270
1.14612803567824	0	3271
1.43136376415899	0	3272
0.845098040014257	0	3273
1.04139268515822	0	3274
0.903089986991944	0	3275
0.903089986991944	1	3276
0.698970004336019	0	3277
1	0	3278
1.41497334797082	0	3279
1.20411998265592	0	3280
0.602059991327962	0	3281
0.602059991327962	0	3282
0.698970004336019	0	3283
