x	y
0.307721635132906	0.23407580459283
-0.0497199046758788	0.0309763281147806
0.629448151818152	0.593296078299039
0.157251144612523	0.0908322583767025
0.531452735694988	0.463107908710182
0.629311319795516	0.481961509169049
-0.0924922618419193	0.0542264647821505
0.182912162866405	0.1199745808988
0.169029562033449	0.090572735183079
0.334970514678473	0.204270215242539
0.323775576630207	0.224891996952749
0.742489616783186	0.622199843889601
0.0356487757749512	0.0259643111012149
0.0953449132427574	0.0652716258747899
0.0571684705322835	0.0335148935408623
0.283020702226302	0.260409699540502
0.318221375891127	0.220435006402408
0.0522953296320274	0.0306784812960461
1.03616709184861	0.985344943378779
0.414633481160826	0.3448516540234
0.295812988229547	0.241918542830082
0.011063259380272	0.00749252045255027
0.348530474173979	0.195323632762157
0.425564833797281	0.340303970142081
0.559719468034439	0.32703113908244
0.593455016577047	0.573959538130533
-0.399313346967015	0.226549398658682
-0.595481559745337	0.48496763649978
0.628470092501405	0.684764468439524
0.299712274030684	0.226899280547771
1.04017981955106	0.990907171056996
0.848460034283171	0.894992159157438
0.725431804214154	0.737838691131652
0.666016857518754	0.47766543518139
0.858059397330102	0.909867403753804
0.0717730430461442	0.0467339935913172
0.190991817243098	0.137411790489611
0.586321716682508	0.471115393315341
1.24489055763696	1.51162184564283
0.864740433939937	0.641466230006911
1.08690175933557	1.27650649763962
1.11871533605671	0.857929081685214
0.475054314097082	0.325086660859732
1.1263178661769	1.01905340243449
0.31981125300172	0.208749029257611
0.187427439660711	0.123093647856781
1.0410765841098	0.991217860251658
0.00703229795275783	0.00362969599303082
0.159065073380845	0.0772116876281163
-0.102227311112593	0.0600891606718857
0.706427128901972	0.622709842475534
1.25209333599307	1.06553894529702
0.203750483670097	0.158883976196761
0.0110376247304299	0.00556031942224768
0.479622505065411	0.32909463268743
0.345478668579187	0.19338594637561
0.864760295281529	0.793922677192873
1.2504361969672	1.65099805300304
-0.320883054081337	0.192509121813893
0.867977785700912	0.645815497335998
0.697498430826589	0.61236574227141
0.49311829835996	0.340059483055869
0.00176242238137377	0.00104462803936584
0.530374530725212	0.461628732612584
1.04635188472804	0.998372856483803
0.320815128927877	0.222607701015906
1.69341295560604	1.97740839653337
-0.324738440093411	0.229747020378536
0.164111869747243	0.0878311488360589
0.600236679449882	0.582708271240007
0.305653093238622	0.232156073651667
-0.460835063422031	0.387093808527436
0.856433528391365	0.907822500461968
0.796550812160561	0.479104333405892
0.556169828127214	0.4665352663477
-0.672397870821672	0.531182403776613
-0.784880065805111	0.428059054358708
0.668458809046513	0.480019787104016
1.08622882687446	0.667645803636473
0.489072302420321	0.336923881991964
0.17718411716467	0.109714161135262
0.698435463426554	0.327986112060114
1.66745493593043	1.58394754305945
-0.0208139238441854	0.0132970783412354
0.162819959577399	0.0871172756262259
-0.0508572194685626	0.0222346735096924
0.178079180120965	0.110314200062224
0.0303758581778456	0.0166784235852326
0.438972109217478	0.335880557049761
0.318834948462695	0.232792209675563
0.345466528291997	0.193382903631222
0.110385526507567	0.0760303613946765
0.622172585027669	0.475098658388736
0.743423170794807	0.623176449180581
0.0878066011440198	0.0599290787235442
0.740860134353394	0.620724335449601
-0.946889989913596	0.581362335769429
0.696851684035903	0.326735848657766
0.461653403843201	0.452921449314123
0.344951773596184	0.211368260917311
0.158295389196292	0.076755768509852
0.482708651396445	0.331621218556738
2.14344326898358	2.21757493515873
0.924670030056781	0.808989425027514
-1.64050945620266	1.69197152798247
0.0481963062527502	0.0282859326343124
1.78099070261347	1.83374729711755
1.03936542526297	0.988832044803782
-0.402197412026509	0.228488112351171
0.789770249185985	0.474106077873852
0.577815662983838	0.462613640428437
1.11744776471467	0.857573368004191
0.318239764732293	0.220510300786133
0.397961322623372	0.179920072195054
0.379743389536994	0.35821547424989
0.804650532413813	0.485814961739157
1.40098707620496	1.09046148923654
0.463646355770898	0.337956657035045
0.467093932673077	0.341214539744416
1.02595975188662	1.23568870506007
0.504308431344357	0.320861219799813
