group	x	y	showSelected1
1	17680	24	144
1	17680	24	1458
1	17680	24	2889
1	17680	24	337
1	17680	24	780
2	17680	74	337
5	17730	74	337
5	17730	74	186
5	17730	74	1149
5	17730	74	2173
5	17730	74	80
4	17730	124	1149
7	17780	124	1149
7	17780	124	124
7	17780	124	2177
7	17780	124	1574
7	17780	124	257
8	17780	174	124
12	17830	174	124
12	17830	174	442
12	17830	174	87
12	17830	174	257
12	17830	174	1457
12	17830	174	1172
13	17830	224	257
18	17880	224	257
18	17880	224	716
18	17880	224	344
18	17880	224	495
18	17880	224	2318
19	17880	274	257
25	17930	274	257
25	17930	274	270
25	17930	274	772
25	17930	274	96
25	17930	274	343
25	17930	274	922
25	17930	274	595
25	17930	274	3130
25	17930	274	2272
25	17930	274	753
25	17930	274	2924
25	17930	274	13
26	17930	324	343
33	17980	324	343
33	17980	324	375
33	17980	324	13
33	17980	324	1446
33	17980	324	2495
33	17980	324	2799
33	17980	324	350
33	17980	324	2574
33	17980	324	1013
33	17980	324	1071
33	17980	324	1788
33	17980	324	1807
33	17980	324	3167
33	17980	324	759
33	17980	324	235
34	17980	374	13
42	18030	374	13
42	18030	374	1230
42	18030	374	33
42	18030	374	2928
42	18030	374	223
42	18030	374	227
42	18030	374	2561
42	18030	374	1363
42	18030	374	39
42	18030	374	804
42	18030	374	1416
42	18030	374	1568
42	18030	374	968
43	18030	424	223
52	18080	424	2561
52	18080	424	223
52	18080	424	969
52	18080	424	10
52	18080	424	294
52	18080	424	930
52	18080	424	1862
52	18080	424	734
52	18080	424	2262
52	18080	424	1939
52	18080	424	2926
52	18080	424	1860
52	18080	424	1171
52	18080	424	1120
52	18080	424	852
52	18080	424	1368
52	18080	424	3120
52	18080	424	1477
52	18080	424	127
52	18080	424	1608
52	18080	424	1612
52	18080	424	2191
52	18080	424	2800
52	18080	424	1874
52	18080	424	2090
52	18080	424	238
52	18080	424	78
52	18080	424	1972
52	18080	424	247
52	18080	424	2975
52	18080	424	2206
53	18080	474	10
63	18130	474	10
63	18130	474	398
63	18130	474	410
63	18130	474	2859
63	18130	474	1916
63	18130	474	88
63	18130	474	78
63	18130	474	117
63	18130	474	988
63	18130	474	587
63	18130	474	1729
63	18130	474	2925
63	18130	474	1713
63	18130	474	1722
63	18130	474	994
63	18130	474	2707
63	18130	474	1719
63	18130	474	2189
63	18130	474	2515
63	18130	474	2614
63	18130	474	2598
63	18130	474	2481
65	18130	524	88
65	18130	524	410
76	18180	524	410
76	18180	524	88
76	18180	524	18
76	18180	524	1278
76	18180	524	3126
76	18180	524	423
76	18180	524	1546
76	18180	524	972
76	18180	524	63
76	18180	524	83
76	18180	524	2905
76	18180	524	3077
76	18180	524	27
76	18180	524	1893
76	18180	524	2142
76	18180	524	2487
76	18180	524	1738
76	18180	524	874
76	18180	524	1638
76	18180	524	1732
76	18180	524	2497
76	18180	524	1012
76	18180	524	3227
76	18180	524	2761
76	18180	524	3155
76	18180	524	61
76	18180	524	2084
76	18180	524	838
76	18180	524	1921
76	18180	524	2484
76	18180	524	1074
76	18180	524	3089
77	18180	574	83
89	18230	574	83
89	18230	574	27
89	18230	574	36
89	18230	574	56
89	18230	574	2466
89	18230	574	568
89	18230	574	123
89	18230	574	2648
89	18230	574	2970
89	18230	574	1016
89	18230	574	3046
89	18230	574	999
89	18230	574	914
89	18230	574	2534
89	18230	574	1248
89	18230	574	642
89	18230	574	1802
89	18230	574	159
89	18230	574	2065
89	18230	574	881
90	18230	624	1016
103	18280	624	123
103	18280	624	27
103	18280	624	56
103	18280	624	1016
103	18280	624	1299
103	18280	624	999
103	18280	624	2002
103	18280	624	521
103	18280	624	3124
103	18280	624	1644
103	18280	624	2751
103	18280	624	3024
103	18280	624	2971
103	18280	624	462
103	18280	624	1145
103	18280	624	1245
103	18280	624	1776
104	18280	674	27
118	18330	674	27
118	18330	674	1514
118	18330	674	56
118	18330	674	1132
118	18330	674	2696
118	18330	674	1661
118	18330	674	808
118	18330	674	2232
118	18330	674	2873
118	18330	674	979
118	18330	674	959
119	18330	724	808
134	18380	724	808
134	18380	724	1482
134	18380	724	27
134	18380	724	56
134	18380	724	1767
134	18380	724	1833
134	18380	724	2754
134	18380	724	2712
3	17730	24	337
3	17730	24	2173
3	17730	24	144
3	17730	24	1458
3	17730	24	186
3	17730	24	693
3	17730	24	80
3	17730	24	2416
3	17730	24	792
9	17780	74	1149
9	17780	74	1574
9	17780	74	124
9	17780	74	186
9	17780	74	1579
9	17780	74	2929
9	17780	74	1905
9	17780	74	744
9	17780	74	80
9	17780	74	675
9	17780	74	1532
9	17780	74	535
9	17780	74	3266
9	17780	74	989
9	17780	74	3121
9	17780	74	888
9	17780	74	1856
9	17780	74	1394
11	17830	124	124
11	17830	124	442
11	17830	124	257
11	17830	124	1172
11	17830	124	2048
11	17830	124	87
11	17830	124	2219
11	17830	124	740
11	17830	124	2962
11	17830	124	476
11	17830	124	330
11	17830	124	707
11	17830	124	795
11	17830	124	390
11	17830	124	1174
11	17830	124	1591
11	17830	124	618
17	17880	174	257
17	17880	174	87
17	17880	174	2763
17	17880	174	1456
17	17880	174	2318
17	17880	174	495
17	17880	174	101
17	17880	174	2152
17	17880	174	2741
17	17880	174	185
17	17880	174	2585
24	17930	224	257
24	17930	224	270
24	17930	224	344
24	17930	224	753
24	17930	224	2924
24	17930	224	101
24	17930	224	96
24	17930	224	13
24	17930	224	2759
24	17930	224	495
24	17930	224	416
24	17930	224	104
24	17930	224	173
24	17930	224	949
32	17980	274	343
32	17980	274	922
32	17980	274	1505
32	17980	274	350
32	17980	274	1013
32	17980	274	96
32	17980	274	595
32	17980	274	1157
32	17980	274	375
32	17980	274	2027
32	17980	274	235
32	17980	274	772
32	17980	274	2851
32	17980	274	2491
32	17980	274	13
32	17980	274	496
32	17980	274	1011
32	17980	274	101
32	17980	274	2023
32	17980	274	384
32	17980	274	935
32	17980	274	2154
41	18030	324	13
41	18030	324	2194
41	18030	324	375
41	18030	324	1735
41	18030	324	33
41	18030	324	2616
41	18030	324	1493
41	18030	324	541
41	18030	324	1071
41	18030	324	1583
41	18030	324	1568
41	18030	324	2766
41	18030	324	128
41	18030	324	804
41	18030	324	3250
41	18030	324	2185
41	18030	324	968
41	18030	324	935
41	18030	324	323
41	18030	324	723
41	18030	324	175
41	18030	324	296
41	18030	324	2578
41	18030	324	443
51	18080	374	2561
51	18080	374	223
51	18080	374	969
51	18080	374	227
51	18080	374	39
51	18080	374	503
51	18080	374	10
51	18080	374	701
51	18080	374	127
51	18080	374	2539
51	18080	374	33
51	18080	374	438
51	18080	374	804
51	18080	374	2549
51	18080	374	649
51	18080	374	1900
51	18080	374	968
51	18080	374	3002
51	18080	374	2362
51	18080	374	1365
51	18080	374	2560
51	18080	374	481
51	18080	374	1153
51	18080	374	2246
51	18080	374	2492
51	18080	374	2795
51	18080	374	831
51	18080	374	2243
51	18080	374	1844
51	18080	374	361
51	18080	374	464
62	18130	424	10
62	18130	424	1368
62	18130	424	78
62	18130	424	852
62	18130	424	587
62	18130	424	2800
62	18130	424	509
62	18130	424	1719
62	18130	424	2265
62	18130	424	507
62	18130	424	1615
62	18130	424	2975
62	18130	424	2515
62	18130	424	247
62	18130	424	2972
62	18130	424	2614
62	18130	424	3265
62	18130	424	1920
62	18130	424	109
62	18130	424	2481
62	18130	424	1096
62	18130	424	92
62	18130	424	3186
62	18130	424	905
62	18130	424	504
62	18130	424	2674
62	18130	424	3063
62	18130	424	2342
62	18130	424	3230
62	18130	424	1586
62	18130	424	567
62	18130	424	2645
62	18130	424	2417
102	18280	574	1016
102	18280	574	123
102	18280	574	56
102	18280	574	1299
102	18280	574	27
102	18280	574	2350
102	18280	574	999
102	18280	574	1720
102	18280	574	3069
102	18280	574	642
102	18280	574	462
102	18280	574	1802
102	18280	574	2029
102	18280	574	1248
102	18280	574	2693
102	18280	574	881
102	18280	574	109
102	18280	574	159
102	18280	574	83
102	18280	574	2844
102	18280	574	1431
102	18280	574	1809
102	18280	574	1756
102	18280	574	132
102	18280	574	1165
102	18280	574	1731
102	18280	574	863
117	18330	624	56
117	18330	624	27
117	18330	624	521
117	18330	624	1780
117	18330	624	979
117	18330	624	1145
117	18330	624	1913
117	18330	624	966
117	18330	624	1245
117	18330	624	1486
117	18330	624	1776
117	18330	624	2791
117	18330	624	132
117	18330	624	1759
117	18330	624	2509
117	18330	624	109
74	18180	474	410
74	18180	474	88
74	18180	474	117
74	18180	474	988
74	18180	474	18
74	18180	474	1104
74	18180	474	1012
74	18180	474	2590
74	18180	474	1729
74	18180	474	2084
74	18180	474	3224
74	18180	474	2102
74	18180	474	3011
74	18180	474	3004
74	18180	474	2484
74	18180	474	2103
74	18180	474	2315
74	18180	474	10
74	18180	474	1603
74	18180	474	1074
74	18180	474	2676
74	18180	474	3089
74	18180	474	2598
74	18180	474	2592
74	18180	474	838
74	18180	474	3039
74	18180	474	3012
74	18180	474	2481
74	18180	474	1956
74	18180	474	1257
74	18180	474	83
74	18180	474	2579
74	18180	474	63
74	18180	474	3099
74	18180	474	1686
74	18180	474	962
74	18180	474	728
74	18180	474	349
74	18180	474	514
74	18180	474	2989
74	18180	474	1973
74	18180	474	1894
74	18180	474	1741
74	18180	474	963
74	18180	474	1251
74	18180	474	27
74	18180	474	840
74	18180	474	109
74	18180	474	3017
88	18230	524	27
88	18230	524	83
88	18230	524	63
88	18230	524	1738
88	18230	524	2497
88	18230	524	972
88	18230	524	1917
88	18230	524	61
88	18230	524	36
88	18230	524	2446
88	18230	524	987
88	18230	524	838
88	18230	524	159
88	18230	524	2447
88	18230	524	1850
88	18230	524	2076
88	18230	524	621
88	18230	524	2895
88	18230	524	1668
88	18230	524	726
88	18230	524	1501
88	18230	524	1249
88	18230	524	2855
88	18230	524	1578
88	18230	524	2129
88	18230	524	2538
88	18230	524	202
88	18230	524	2691
88	18230	524	1689
88	18230	524	863
88	18230	524	1814
88	18230	524	2535
88	18230	524	501
133	18380	674	808
133	18380	674	27
133	18380	674	56
133	18380	674	959
133	18380	674	2712
133	18380	674	2708
133	18380	674	845
133	18380	674	1824
133	18380	674	980
133	18380	674	2753
133	18380	674	1839
149	18430	724	56
149	18430	724	27
149	18430	724	766
149	18430	724	739
6	17780	24	80
6	17780	24	186
6	17780	24	144
6	17780	24	2665
6	17780	24	2885
6	17780	24	1856
6	17780	24	888
6	17780	24	593
6	17780	24	89
6	17780	24	2981
6	17780	24	792
6	17780	24	1602
16	17880	124	257
16	17880	124	2962
16	17880	124	330
16	17880	124	476
16	17880	124	185
16	17880	124	1174
16	17880	124	795
16	17880	124	124
16	17880	124	2644
16	17880	124	101
16	17880	124	941
16	17880	124	1194
16	17880	124	89
16	17880	124	1321
31	17980	224	13
31	17980	224	96
31	17980	224	101
31	17980	224	416
31	17980	224	2732
31	17980	224	2154
31	17980	224	2329
31	17980	224	104
31	17980	224	1816
31	17980	224	1396
31	17980	224	1859
31	17980	224	205
31	17980	224	1371
31	17980	224	2558
50	18080	324	968
50	18080	324	804
50	18080	324	33
50	18080	324	2615
50	18080	324	935
50	18080	324	2362
50	18080	324	128
50	18080	324	2765
50	18080	324	2264
50	18080	324	1153
50	18080	324	175
50	18080	324	200
50	18080	324	1130
50	18080	324	723
50	18080	324	2050
50	18080	324	2004
50	18080	324	296
50	18080	324	361
50	18080	324	464
50	18080	324	443
50	18080	324	1711
50	18080	324	13
50	18080	324	1817
50	18080	324	763
50	18080	324	2770
50	18080	324	1911
50	18080	324	3198
50	18080	324	1463
50	18080	324	3075
50	18080	324	2192
50	18080	324	1261
50	18080	324	652
50	18080	324	1366
50	18080	324	1993
50	18080	324	54
73	18180	424	10
73	18180	424	728
73	18180	424	504
73	18180	424	78
73	18180	424	18
73	18180	424	109
73	18180	424	297
73	18180	424	92
73	18180	424	514
73	18180	424	1312
73	18180	424	2645
73	18180	424	840
73	18180	424	3230
73	18180	424	663
73	18180	424	1778
73	18180	424	835
73	18180	424	3020
73	18180	424	3163
73	18180	424	1215
73	18180	424	2417
73	18180	424	2485
73	18180	424	1442
73	18180	424	1782
73	18180	424	1889
73	18180	424	1615
73	18180	424	272
73	18180	424	909
73	18180	424	3228
73	18180	424	637
73	18180	424	37
73	18180	424	2011
73	18180	424	1136
73	18180	424	746
73	18180	424	3281
73	18180	424	2570
73	18180	424	414
73	18180	424	1678
101	18280	524	159
101	18280	524	1743
101	18280	524	56
101	18280	524	83
101	18280	524	27
101	18280	524	2922
101	18280	524	881
101	18280	524	2129
101	18280	524	863
101	18280	524	1724
101	18280	524	1731
101	18280	524	202
101	18280	524	3238
101	18280	524	3136
101	18280	524	3239
101	18280	524	2012
101	18280	524	1814
101	18280	524	501
101	18280	524	2486
101	18280	524	1627
101	18280	524	2428
101	18280	524	3177
101	18280	524	1999
101	18280	524	2069
101	18280	524	55
101	18280	524	1285
101	18280	524	2591
101	18280	524	1038
101	18280	524	1846
101	18280	524	3181
101	18280	524	661
101	18280	524	1388
101	18280	524	1721
101	18280	524	1784
101	18280	524	925
101	18280	524	1662
101	18280	524	1244
101	18280	524	873
101	18280	524	2573
101	18280	524	1046
101	18280	524	1845
101	18280	524	1835
101	18280	524	140
101	18280	524	210
132	18380	624	56
132	18380	624	27
132	18380	624	2167
132	18380	624	1839
132	18380	624	340
132	18380	624	132
132	18380	624	2226
132	18380	624	573
132	18380	624	408
132	18380	624	1375
132	18380	624	2046
132	18380	624	1899
132	18380	624	2294
14	17830	74	124
14	17830	74	80
14	17830	74	740
14	17830	74	1591
14	17830	74	390
14	17830	74	1174
14	17830	74	989
14	17830	74	1394
14	17830	74	591
14	17830	74	618
14	17830	74	186
14	17830	74	89
23	17930	174	495
23	17930	174	257
23	17930	174	101
23	17930	174	104
23	17930	174	2036
23	17930	174	1040
23	17930	174	2152
23	17930	174	173
23	17930	174	2805
23	17930	174	2679
23	17930	174	416
23	17930	174	2123
40	18030	274	375
40	18030	274	13
40	18030	274	1011
40	18030	274	384
40	18030	274	2023
40	18030	274	719
40	18030	274	935
40	18030	274	101
40	18030	274	443
40	18030	274	2408
40	18030	274	601
40	18030	274	2731
40	18030	274	111
40	18030	274	2337
61	18130	374	10
61	18130	374	867
61	18130	374	33
61	18130	374	247
61	18130	374	127
61	18130	374	2492
61	18130	374	567
61	18130	374	109
61	18130	374	2795
61	18130	374	2050
61	18130	374	3230
61	18130	374	2709
61	18130	374	2193
61	18130	374	831
61	18130	374	78
61	18130	374	2682
61	18130	374	997
61	18130	374	676
61	18130	374	917
61	18130	374	1975
61	18130	374	1293
61	18130	374	464
61	18130	374	1088
61	18130	374	2417
61	18130	374	1030
61	18130	374	1349
61	18130	374	1418
61	18130	374	328
61	18130	374	670
61	18130	374	2336
61	18130	374	1769
61	18130	374	1768
61	18130	374	3141
61	18130	374	1333
61	18130	374	1683
61	18130	374	1331
61	18130	374	623
61	18130	374	1020
61	18130	374	2100
61	18130	374	365
61	18130	374	231
86	18230	474	83
86	18230	474	838
86	18230	474	63
86	18230	474	349
86	18230	474	1677
86	18230	474	1251
86	18230	474	1672
86	18230	474	963
86	18230	474	27
86	18230	474	962
86	18230	474	109
86	18230	474	2856
86	18230	474	2400
86	18230	474	2499
86	18230	474	1932
86	18230	474	2274
86	18230	474	202
86	18230	474	3017
86	18230	474	2535
86	18230	474	2951
86	18230	474	3109
86	18230	474	1442
86	18230	474	1929
86	18230	474	1999
86	18230	474	1785
86	18230	474	1199
86	18230	474	1753
86	18230	474	2333
86	18230	474	1589
86	18230	474	812
86	18230	474	927
86	18230	474	249
86	18230	474	661
86	18230	474	851
86	18230	474	844
86	18230	474	1830
86	18230	474	1688
86	18230	474	3179
86	18230	474	1529
86	18230	474	762
86	18230	474	811
86	18230	474	749
116	18330	574	56
116	18330	574	132
116	18330	574	1165
116	18330	574	2791
116	18330	574	1759
116	18330	574	109
116	18330	574	27
116	18330	574	2680
116	18330	574	2509
116	18330	574	388
116	18330	574	1316
116	18330	574	573
116	18330	574	2134
116	18330	574	3018
116	18330	574	2031
116	18330	574	2755
116	18330	574	3156
116	18330	574	324
116	18330	574	2829
116	18330	574	2582
116	18330	574	1399
116	18330	574	2830
116	18330	574	258
116	18330	574	440
116	18330	574	2
148	18430	674	27
148	18430	674	56
148	18430	674	845
148	18430	674	980
148	18430	674	799
148	18430	674	2321
148	18430	674	2826
148	18430	674	736
148	18430	674	2281
148	18430	674	2836
148	18430	674	2865
148	18430	674	3137
10	17830	24	186
10	17830	24	89
10	17830	24	124
10	17830	24	2161
10	17830	24	1602
10	17830	24	591
10	17830	24	1353
10	17830	24	470
10	17830	24	483
20	17880	74	124
20	17880	74	89
20	17880	74	1625
20	17880	74	105
20	17880	74	1481
20	17880	74	101
20	17880	74	839
20	17880	74	1601
22	17930	124	101
22	17930	124	941
22	17930	124	104
22	17930	124	257
22	17930	124	1122
22	17930	124	2123
22	17930	124	89
22	17930	124	386
30	17980	174	101
30	17980	174	104
30	17980	174	205
30	17980	174	3119
30	17980	174	1697
30	17980	174	2123
30	17980	174	2558
30	17980	174	1371
30	17980	174	2124
30	17980	174	886
30	17980	174	2652
30	17980	174	3231
30	17980	174	15
39	18030	224	101
39	18030	224	13
39	18030	224	601
39	18030	224	1816
39	18030	224	742
39	18030	224	288
39	18030	224	111
39	18030	224	104
39	18030	224	2337
39	18030	224	1371
39	18030	224	1551
39	18030	224	2558
39	18030	224	767
39	18030	224	3061
39	18030	224	3083
39	18030	224	2790
39	18030	224	837
39	18030	224	47
39	18030	224	768
39	18030	224	2164
49	18080	274	443
49	18080	274	296
49	18080	274	13
49	18080	274	1468
49	18080	274	33
49	18080	274	2621
49	18080	274	1421
49	18080	274	175
49	18080	274	652
49	18080	274	1908
49	18080	274	2078
49	18080	274	111
49	18080	274	1270
49	18080	274	1716
49	18080	274	1658
49	18080	274	54
49	18080	274	1050
49	18080	274	2663
49	18080	274	2435
49	18080	274	767
49	18080	274	2736
49	18080	274	1441
49	18080	274	220
49	18080	274	1837
60	18130	324	33
60	18130	324	361
60	18130	324	670
60	18130	324	1336
60	18130	324	1331
60	18130	324	809
60	18130	324	1366
60	18130	324	1183
60	18130	324	2439
60	18130	324	763
60	18130	324	1419
60	18130	324	623
60	18130	324	2919
60	18130	324	1048
60	18130	324	1052
60	18130	324	54
60	18130	324	365
60	18130	324	1367
60	18130	324	3067
60	18130	324	2550
60	18130	324	1459
60	18130	324	2673
60	18130	324	1111
60	18130	324	1310
60	18130	324	2382
60	18130	324	1301
60	18130	324	3139
60	18130	324	673
60	18130	324	2143
60	18130	324	1512
60	18130	324	129
60	18130	324	1666
60	18130	324	1633
60	18130	324	2672
60	18130	324	3242
60	18130	324	1648
60	18130	324	255
60	18130	324	2528
60	18130	324	1511
60	18130	324	3027
72	18180	374	109
72	18180	374	2417
72	18180	374	92
72	18180	374	1088
72	18180	374	783
72	18180	374	1349
72	18180	374	78
72	18180	374	297
72	18180	374	1615
72	18180	374	2706
72	18180	374	33
72	18180	374	1020
72	18180	374	414
72	18180	374	154
72	18180	374	1509
72	18180	374	1106
72	18180	374	1235
72	18180	374	637
72	18180	374	231
72	18180	374	2742
72	18180	374	3081
72	18180	374	493
72	18180	374	950
72	18180	374	1139
72	18180	374	1678
72	18180	374	1525
72	18180	374	1109
72	18180	374	3049
72	18180	374	21
72	18180	374	1755
72	18180	374	2739
72	18180	374	180
72	18180	374	1369
72	18180	374	37
72	18180	374	85
72	18180	374	2454
72	18180	374	1169
72	18180	374	490
85	18230	424	109
85	18230	424	1442
85	18230	424	18
85	18230	424	272
85	18230	424	3068
85	18230	424	249
85	18230	424	1199
85	18230	424	812
85	18230	424	3193
85	18230	424	1081
85	18230	424	3194
85	18230	424	909
85	18230	424	1986
85	18230	424	37
85	18230	424	2011
85	18230	424	851
85	18230	424	2340
85	18230	424	746
85	18230	424	2576
85	18230	424	110
85	18230	424	2126
85	18230	424	844
85	18230	424	1355
85	18230	424	811
85	18230	424	762
85	18230	424	1891
85	18230	424	1987
85	18230	424	413
85	18230	424	199
85	18230	424	83
85	18230	424	637
85	18230	424	1090
85	18230	424	2197
85	18230	424	749
85	18230	424	2940
85	18230	424	3201
85	18230	424	2224
85	18230	424	2149
85	18230	424	2764
85	18230	424	12
85	18230	424	727
85	18230	424	2956
85	18230	424	1811
85	18230	424	606
85	18230	424	2051
85	18230	424	1706
85	18230	424	2802
85	18230	424	2263
85	18230	424	1938
85	18230	424	2545
85	18230	424	784
85	18230	424	355
85	18230	424	393
85	18230	424	798
85	18230	424	1963
85	18230	424	1085
115	18330	524	56
115	18330	524	27
115	18330	524	55
115	18330	524	1662
115	18330	524	2838
115	18330	524	258
115	18330	524	1784
115	18330	524	2308
115	18330	524	1723
115	18330	524	210
115	18330	524	688
115	18330	524	1046
115	18330	524	2039
115	18330	524	2068
115	18330	524	2
115	18330	524	859
115	18330	524	140
115	18330	524	2573
115	18330	524	440
115	18330	524	1010
115	18330	524	983
115	18330	524	2271
115	18330	524	2819
115	18330	524	3
115	18330	524	145
115	18330	524	3087
115	18330	524	2436
115	18330	524	1962
115	18330	524	2601
115	18330	524	165
115	18330	524	1118
115	18330	524	612
131	18380	574	56
131	18380	574	27
131	18380	574	573
131	18380	574	273
131	18380	574	440
131	18380	574	2973
131	18380	574	2867
131	18380	574	1751
131	18380	574	366
131	18380	574	1770
131	18380	574	145
131	18380	574	1087
131	18380	574	229
131	18380	574	697
131	18380	574	2610
131	18380	574	283
131	18380	574	1985
99	18280	474	202
99	18280	474	1999
99	18280	474	501
99	18280	474	927
99	18280	474	1855
99	18280	474	661
99	18280	474	3177
99	18280	474	83
99	18280	474	1627
99	18280	474	439
99	18280	474	3181
99	18280	474	2701
99	18280	474	1590
99	18280	474	55
99	18280	474	1998
99	18280	474	302
99	18280	474	1849
99	18280	474	3179
99	18280	474	1352
99	18280	474	2728
99	18280	474	1845
99	18280	474	762
99	18280	474	210
99	18280	474	3182
99	18280	474	456
99	18280	474	12
99	18280	474	1835
99	18280	474	1398
99	18280	474	1117
99	18280	474	873
99	18280	474	1703
99	18280	474	749
99	18280	474	497
99	18280	474	983
99	18280	474	991
99	18280	474	3022
99	18280	474	1813
99	18280	474	2457
99	18280	474	2667
99	18280	474	752
99	18280	474	953
99	18280	474	912
99	18280	474	2223
99	18280	474	911
99	18280	474	188
99	18280	474	1294
147	18430	624	56
147	18430	624	27
147	18430	624	736
147	18430	624	408
147	18430	624	2207
147	18430	624	1375
147	18430	624	2294
147	18430	624	724
147	18430	624	3138
147	18430	624	1146
147	18430	624	378
147	18430	624	2969
147	18430	624	1749
147	18430	624	229
147	18430	624	1315
147	18430	624	2482
147	18430	624	2190
147	18430	624	135
147	18430	624	336
163	18480	674	27
163	18480	674	56
163	18480	674	2865
163	18480	674	2969
163	18480	674	2815
15	17880	24	89
15	17880	24	470
15	17880	24	105
15	17880	24	483
15	17880	24	246
15	17880	24	458
29	17980	124	2123
29	17980	124	104
29	17980	124	101
29	17980	124	2124
29	17980	124	386
29	17980	124	2021
29	17980	124	205
29	17980	124	2125
29	17980	124	3231
29	17980	124	15
29	17980	124	1156
29	17980	124	89
29	17980	124	1045
29	17980	124	1614
29	17980	124	303
29	17980	124	164
29	17980	124	4
48	18080	224	111
48	18080	224	767
48	18080	224	13
48	18080	224	3061
48	18080	224	220
48	18080	224	837
48	18080	224	101
48	18080	224	1300
48	18080	224	54
48	18080	224	1179
48	18080	224	2164
48	18080	224	2607
48	18080	224	1543
48	18080	224	768
48	18080	224	2434
48	18080	224	3189
48	18080	224	970
48	18080	224	1581
48	18080	224	2077
48	18080	224	104
48	18080	224	625
48	18080	224	2689
71	18180	324	33
71	18180	324	231
71	18180	324	154
71	18180	324	1111
71	18180	324	180
71	18180	324	129
71	18180	324	3139
71	18180	324	21
71	18180	324	2236
71	18180	324	385
71	18180	324	114
71	18180	324	37
71	18180	324	2688
71	18180	324	1666
71	18180	324	1070
71	18180	324	2528
71	18180	324	2600
71	18180	324	490
71	18180	324	3211
71	18180	324	2640
71	18180	324	2266
71	18180	324	3027
71	18180	324	2612
71	18180	324	1322
71	18180	324	2284
71	18180	324	1635
71	18180	324	1909
71	18180	324	1843
71	18180	324	3059
71	18180	324	904
71	18180	324	1345
71	18180	324	3190
71	18180	324	522
71	18180	324	1513
71	18180	324	2000
71	18180	324	1877
71	18180	324	898
130	18380	524	440
130	18380	524	56
130	18380	524	1010
130	18380	524	27
130	18380	524	145
130	18380	524	2
130	18380	524	366
130	18380	524	3087
130	18380	524	2436
130	18380	524	2187
130	18380	524	533
130	18380	524	480
130	18380	524	1288
130	18380	524	2987
130	18380	524	717
130	18380	524	165
130	18380	524	3144
130	18380	524	1118
130	18380	524	1164
130	18380	524	1224
130	18380	524	2010
130	18380	524	1433
130	18380	524	2261
130	18380	524	1739
130	18380	524	1190
27	17930	74	101
27	17930	74	89
27	17930	74	1213
27	17930	74	105
27	17930	74	104
27	17930	74	325
27	17930	74	1601
27	17930	74	386
27	17930	74	2122
27	17930	74	2934
27	17930	74	491
38	18030	174	2558
38	18030	174	205
38	18030	174	104
38	18030	174	101
38	18030	174	1815
38	18030	174	886
38	18030	174	596
38	18030	174	2790
38	18030	174	2553
38	18030	174	2652
38	18030	174	3253
38	18030	174	47
38	18030	174	837
38	18030	174	572
38	18030	174	810
38	18030	174	2164
38	18030	174	15
38	18030	174	918
38	18030	174	768
38	18030	174	3231
38	18030	174	1734
38	18030	174	1483
38	18030	174	2632
38	18030	174	2840
38	18030	174	1302
38	18030	174	1606
38	18030	174	870
38	18030	174	3168
38	18030	174	2369
59	18130	274	33
59	18130	274	54
59	18130	274	2435
59	18130	274	2382
59	18130	274	485
59	18130	274	2354
59	18130	274	1441
59	18130	274	1642
59	18130	274	821
59	18130	274	2425
59	18130	274	2287
59	18130	274	1945
59	18130	274	395
59	18130	274	1511
59	18130	274	1837
59	18130	274	3023
59	18130	274	111
59	18130	274	129
59	18130	274	34
59	18130	274	3209
59	18130	274	1216
59	18130	274	2306
59	18130	274	2423
59	18130	274	1347
59	18130	274	2083
59	18130	274	1231
84	18230	374	637
84	18230	374	37
84	18230	374	1499
84	18230	374	1139
84	18230	374	2517
84	18230	374	297
84	18230	374	2545
84	18230	374	2454
84	18230	374	2139
84	18230	374	2263
84	18230	374	2571
84	18230	374	1086
84	18230	374	2304
84	18230	374	355
84	18230	374	138
84	18230	374	784
84	18230	374	1963
84	18230	374	2250
84	18230	374	798
84	18230	374	78
84	18230	374	782
84	18230	374	25
84	18230	374	1305
84	18230	374	1085
84	18230	374	2158
84	18230	374	1303
84	18230	374	1223
84	18230	374	2871
84	18230	374	1267
84	18230	374	92
84	18230	374	119
84	18230	374	2365
98	18280	424	749
98	18280	424	762
98	18280	424	1703
98	18280	424	1705
98	18280	424	12
98	18280	424	2445
98	18280	424	1090
98	18280	424	752
98	18280	424	606
98	18280	424	1597
98	18280	424	199
98	18280	424	393
98	18280	424	1702
98	18280	424	713
98	18280	424	2401
98	18280	424	302
98	18280	424	2932
98	18280	424	1017
98	18280	424	2147
98	18280	424	2072
98	18280	424	784
98	18280	424	1294
98	18280	424	700
98	18280	424	776
98	18280	424	1810
98	18280	424	1596
98	18280	424	798
98	18280	424	3233
98	18280	424	1005
98	18280	424	16
98	18280	424	911
98	18280	424	1085
98	18280	424	2460
98	18280	424	2683
98	18280	424	2458
98	18280	424	25
98	18280	424	1411
98	18280	424	3150
98	18280	424	364
98	18280	424	468
98	18280	424	2472
98	18280	424	2216
98	18280	424	2302
98	18280	424	2131
98	18280	424	2698
98	18280	424	3176
113	18330	474	983
113	18330	474	210
113	18330	474	55
113	18330	474	456
113	18330	474	497
113	18330	474	953
113	18330	474	3
113	18330	474	912
113	18330	474	1826
113	18330	474	188
113	18330	474	228
113	18330	474	1825
113	18330	474	3282
113	18330	474	165
113	18330	474	2325
113	18330	474	302
113	18330	474	911
113	18330	474	612
113	18330	474	103
113	18330	474	1005
113	18330	474	1870
113	18330	474	1710
113	18330	474	12
113	18330	474	2449
113	18330	474	45
113	18330	474	1294
113	18330	474	1671
113	18330	474	428
113	18330	474	2
113	18330	474	1840
113	18330	474	3274
113	18330	474	1187
113	18330	474	1659
113	18330	474	592
113	18330	474	1685
113	18330	474	1004
113	18330	474	1423
162	18480	624	56
162	18480	624	27
162	18480	624	1749
162	18480	624	3212
162	18480	624	2815
162	18480	624	135
162	18480	624	2580
162	18480	624	336
162	18480	624	2894
162	18480	624	1937
162	18480	624	317
162	18480	624	2195
162	18480	624	2429
162	18480	624	2904
162	18480	624	287
146	18430	574	56
146	18430	574	27
146	18430	574	697
146	18430	574	1146
146	18430	574	229
146	18430	574	900
146	18430	574	2190
146	18430	574	2610
146	18430	574	2887
146	18430	574	1095
146	18430	574	1733
146	18430	574	2480
146	18430	574	283
146	18430	574	145
146	18430	574	447
146	18430	574	3110
146	18430	574	2686
146	18430	574	651
146	18430	574	1214
146	18430	574	3111
146	18430	574	1985
146	18430	574	3173
146	18430	574	2327
146	18430	574	336
146	18430	574	1585
146	18430	574	76
146	18430	574	3174
146	18430	574	135
146	18430	574	975
146	18430	574	737
146	18430	574	3175
146	18430	574	449
146	18430	574	7
146	18430	574	3178
146	18430	574	895
146	18430	574	647
146	18430	574	1878
146	18430	574	1329
21	17930	24	89
21	17930	24	491
21	17930	24	246
21	17930	24	876
21	17930	24	458
21	17930	24	681
21	17930	24	307
21	17930	24	2705
35	17980	74	386
35	17980	74	89
35	17980	74	286
35	17980	74	1614
35	17980	74	104
35	17980	74	205
35	17980	74	491
35	17980	74	164
35	17980	74	4
35	17980	74	454
35	17980	74	1254
35	17980	74	299
37	18030	124	15
37	18030	124	3231
37	18030	124	639
37	18030	124	303
37	18030	124	2369
37	18030	124	205
37	18030	124	104
37	18030	124	4
37	18030	124	2557
37	18030	124	239
37	18030	124	550
37	18030	124	164
47	18080	174	768
47	18080	174	2164
47	18080	174	101
47	18080	174	2606
47	18080	174	924
47	18080	174	837
47	18080	174	2944
47	18080	174	1127
47	18080	174	104
47	18080	174	15
47	18080	174	1667
47	18080	174	432
47	18080	174	1121
47	18080	174	1555
47	18080	174	786
47	18080	174	1443
47	18080	174	2858
47	18080	174	2760
47	18080	174	93
58	18130	224	54
58	18130	224	111
58	18130	224	625
58	18130	224	34
58	18130	224	1540
58	18130	224	104
58	18130	224	3145
58	18130	224	3264
58	18130	224	1422
58	18130	224	1022
58	18130	224	32
70	18180	274	33
70	18180	274	129
70	18180	274	904
70	18180	274	1296
70	18180	274	1513
70	18180	274	34
70	18180	274	1043
70	18180	274	114
70	18180	274	2169
70	18180	274	898
70	18180	274	2083
70	18180	274	1231
70	18180	274	865
70	18180	274	2892
70	18180	274	1890
70	18180	274	1424
70	18180	274	552
70	18180	274	2541
70	18180	274	482
70	18180	274	153
70	18180	274	226
70	18180	274	2605
70	18180	274	2431
70	18180	274	1925
70	18180	274	1287
70	18180	274	1454
70	18180	274	2974
70	18180	274	1464
70	18180	274	1170
70	18180	274	1969
70	18180	274	1983
83	18230	324	37
83	18230	324	1267
83	18230	324	138
83	18230	324	789
83	18230	324	78
83	18230	324	114
83	18230	324	92
83	18230	324	119
83	18230	324	2404
83	18230	324	637
83	18230	324	297
83	18230	324	109
83	18230	324	858
83	18230	324	2745
83	18230	324	2854
83	18230	324	85
83	18230	324	2710
83	18230	324	1669
83	18230	324	677
83	18230	324	2291
83	18230	324	334
83	18230	324	1436
83	18230	324	301
97	18280	374	798
97	18280	374	1085
97	18280	374	25
97	18280	374	2872
97	18280	374	393
97	18280	374	2472
97	18280	374	782
97	18280	374	2365
97	18280	374	2302
97	18280	374	1086
97	18280	374	942
97	18280	374	16
97	18280	374	2450
97	18280	374	364
97	18280	374	934
97	18280	374	119
97	18280	374	2870
97	18280	374	973
97	18280	374	2883
97	18280	374	78
97	18280	374	2984
97	18280	374	861
97	18280	374	3016
97	18280	374	457
97	18280	374	3003
97	18280	374	12
97	18280	374	1175
97	18280	374	603
97	18280	374	1576
97	18280	374	2230
97	18280	374	397
97	18280	374	1420
97	18280	374	2014
97	18280	374	1947
97	18280	374	872
97	18280	374	1522
97	18280	374	2526
97	18280	374	907
97	18280	374	2148
97	18280	374	1781
97	18280	374	2245
97	18280	374	1439
97	18280	374	2900
97	18280	374	2602
97	18280	374	791
97	18280	374	542
97	18280	374	279
128	18380	474	165
128	18380	474	2
128	18380	474	612
128	18380	474	1187
128	18380	474	2301
128	18380	474	1871
128	18380	474	3
128	18380	474	428
128	18380	474	1264
128	18380	474	2513
128	18380	474	2261
128	18380	474	282
128	18380	474	2848
128	18380	474	469
128	18380	474	869
128	18380	474	1739
128	18380	474	1605
128	18380	474	1125
128	18380	474	1715
128	18380	474	2649
128	18380	474	1423
128	18380	474	1879
128	18380	474	145
128	18380	474	1190
128	18380	474	1233
128	18380	474	1093
128	18380	474	3169
128	18380	474	1800
128	18380	474	326
128	18380	474	1777
128	18380	474	44
128	18380	474	3269
128	18380	474	624
128	18380	474	824
128	18380	474	183
128	18380	474	3140
128	18380	474	358
145	18430	524	145
145	18430	524	27
145	18430	524	283
145	18430	524	480
145	18430	524	7
145	18430	524	1433
145	18430	524	44
145	18430	524	717
145	18430	524	511
145	18430	524	2426
145	18430	524	895
145	18430	524	76
145	18430	524	449
145	18430	524	1190
145	18430	524	2328
145	18430	524	1968
145	18430	524	176
145	18430	524	756
145	18430	524	1966
145	18430	524	2957
145	18430	524	1054
145	18430	524	2473
145	18430	524	1201
161	18480	574	27
161	18480	574	135
161	18480	574	336
161	18480	574	76
161	18480	574	56
161	18480	574	1728
161	18480	574	216
161	18480	574	2195
161	18480	574	975
161	18480	574	125
161	18480	574	895
161	18480	574	1878
161	18480	574	3048
161	18480	574	1329
161	18480	574	647
161	18480	574	1455
161	18480	574	1445
161	18480	574	287
161	18480	574	317
161	18480	574	633
161	18480	574	3006
161	18480	574	2182
161	18480	574	332
161	18480	574	720
161	18480	574	1440
161	18480	574	98
161	18480	574	829
161	18480	574	2479
161	18480	574	290
161	18480	574	2661
161	18480	574	770
161	18480	574	3183
161	18480	574	594
161	18480	574	2380
161	18480	574	961
161	18480	574	2596
161	18480	574	2209
161	18480	574	2208
161	18480	574	3028
112	18330	424	1005
112	18330	424	911
112	18330	424	12
112	18330	424	45
112	18330	424	103
112	18330	424	3072
112	18330	424	3102
112	18330	424	468
112	18330	424	404
112	18330	424	1659
112	18330	424	364
112	18330	424	2131
112	18330	424	1004
112	18330	424	982
112	18330	424	407
112	18330	424	2967
112	18330	424	2
112	18330	424	16
112	18330	424	2698
112	18330	424	3160
112	18330	424	592
112	18330	424	2827
112	18330	424	285
112	18330	424	1517
112	18330	424	2504
112	18330	424	698
112	18330	424	883
112	18330	424	346
112	18330	424	1217
112	18330	424	1584
112	18330	424	1873
112	18330	424	3220
112	18330	424	213
112	18330	424	1554
112	18330	424	2937
112	18330	424	1888
112	18330	424	2724
112	18330	424	3225
112	18330	424	1506
112	18330	424	2906
112	18330	424	488
112	18330	424	915
176	18530	624	56
176	18530	624	27
176	18530	624	317
176	18530	624	287
176	18530	624	502
176	18530	624	2910
28	17980	24	491
28	17980	24	89
28	17980	24	286
28	17980	24	307
28	17980	24	1254
28	17980	24	299
28	17980	24	1232
28	17980	24	454
28	17980	24	1530
28	17980	24	729
28	17980	24	434
28	17980	24	765
28	17980	24	2005
28	17980	24	1531
46	18080	124	104
46	18080	124	15
46	18080	124	2557
46	18080	124	239
46	18080	124	191
46	18080	124	960
46	18080	124	1555
46	18080	124	2820
46	18080	124	1573
46	18080	124	550
46	18080	124	2955
46	18080	124	2593
46	18080	124	1188
46	18080	124	93
46	18080	124	1178
46	18080	124	84
46	18080	124	3158
46	18080	124	1276
46	18080	124	1931
46	18080	124	3055
46	18080	124	1927
46	18080	124	964
46	18080	124	241
46	18080	124	819
46	18080	124	2136
69	18180	224	34
69	18180	224	1231
69	18180	224	226
69	18180	224	54
69	18180	224	2546
69	18180	224	1925
69	18180	224	2235
69	18180	224	376
69	18180	224	2974
69	18180	224	1022
69	18180	224	2953
69	18180	224	112
69	18180	224	2049
69	18180	224	1464
69	18180	224	215
69	18180	224	129
69	18180	224	1115
69	18180	224	20
69	18180	224	391
69	18180	224	32
69	18180	224	1073
69	18180	224	1983
69	18180	224	551
69	18180	224	2442
69	18180	224	2095
69	18180	224	3040
69	18180	224	2202
69	18180	224	1748
69	18180	224	170
69	18180	224	3030
69	18180	224	1444
69	18180	224	1100
96	18280	324	78
96	18280	324	677
96	18280	324	25
96	18280	324	872
96	18280	324	2506
96	18280	324	334
96	18280	324	1947
96	18280	324	2568
96	18280	324	297
96	18280	324	1950
96	18280	324	1439
96	18280	324	1436
96	18280	324	807
96	18280	324	2900
96	18280	324	699
96	18280	324	3127
96	18280	324	301
96	18280	324	774
96	18280	324	542
96	18280	324	279
96	18280	324	1152
96	18280	324	448
96	18280	324	2454
96	18280	324	2311
96	18280	324	2869
96	18280	324	134
96	18280	324	2052
96	18280	324	1940
96	18280	324	54
96	18280	324	2364
96	18280	324	815
96	18280	324	2114
96	18280	324	1480
96	18280	324	769
127	18380	424	2
127	18380	424	3036
127	18380	424	3169
127	18380	424	213
127	18380	424	1888
127	18380	424	574
127	18380	424	3210
127	18380	424	824
127	18380	424	624
127	18380	424	282
127	18380	424	2617
127	18380	424	1253
127	18380	424	2945
127	18380	424	1948
127	18380	424	1242
127	18380	424	488
127	18380	424	2985
127	18380	424	2155
127	18380	424	1317
127	18380	424	183
127	18380	424	1094
127	18380	424	1699
127	18380	424	358
127	18380	424	2498
127	18380	424	1819
127	18380	424	236
127	18380	424	3088
127	18380	424	2307
127	18380	424	1754
127	18380	424	2344
127	18380	424	1124
127	18380	424	2330
127	18380	424	1021
127	18380	424	2743
127	18380	424	2768
127	18380	424	437
127	18380	424	842
127	18380	424	890
127	18380	424	733
127	18380	424	1904
127	18380	424	1569
127	18380	424	1964
127	18380	424	1082
127	18380	424	357
44	18030	74	4
44	18030	74	164
44	18030	74	205
44	18030	74	729
44	18030	74	906
44	18030	74	454
44	18030	74	908
44	18030	74	3170
44	18030	74	550
44	18030	74	299
44	18030	74	248
44	18030	74	2572
44	18030	74	292
44	18030	74	84
57	18130	174	104
57	18130	174	111
57	18130	174	101
57	18130	174	590
57	18130	174	3187
57	18130	174	3079
57	18130	174	1443
57	18130	174	2758
57	18130	174	32
57	18130	174	379
57	18130	174	208
57	18130	174	54
57	18130	174	93
57	18130	174	913
57	18130	174	1829
57	18130	174	3084
57	18130	174	2589
57	18130	174	2718
57	18130	174	1488
57	18130	174	84
57	18130	174	793
57	18130	174	3056
82	18230	274	114
82	18230	274	2892
82	18230	274	129
82	18230	274	1669
82	18230	274	153
82	18230	274	119
82	18230	274	482
82	18230	274	1967
82	18230	274	785
82	18230	274	816
82	18230	274	2070
82	18230	274	1259
82	18230	274	1170
82	18230	274	3275
82	18230	274	1116
82	18230	274	3271
82	18230	274	301
82	18230	274	54
82	18230	274	1983
82	18230	274	897
82	18230	274	2551
82	18230	274	112
82	18230	274	1926
82	18230	274	866
82	18230	274	1044
82	18230	274	1234
82	18230	274	2744
82	18230	274	582
82	18230	274	1572
82	18230	274	151
82	18230	274	85
82	18230	274	171
111	18330	374	364
111	18330	374	12
111	18330	374	16
111	18330	374	3202
111	18330	374	1554
111	18330	374	934
111	18330	374	2726
111	18330	374	940
111	18330	374	2148
111	18330	374	3225
111	18330	374	2581
111	18330	374	2662
111	18330	374	213
111	18330	374	1522
111	18330	374	646
111	18330	374	25
111	18330	374	3213
111	18330	374	2599
111	18330	374	2602
111	18330	374	915
111	18330	374	1676
111	18330	374	46
111	18330	374	1378
111	18330	374	3034
111	18330	374	313
111	18330	374	885
111	18330	374	542
111	18330	374	415
111	18330	374	122
111	18330	374	1465
111	18330	374	1872
111	18330	374	488
111	18330	374	279
111	18330	374	2339
111	18330	374	2175
111	18330	374	1173
111	18330	374	2834
111	18330	374	2338
111	18330	374	2637
111	18330	374	1957
111	18330	374	1949
111	18330	374	1475
111	18330	374	1014
111	18330	374	2405
111	18330	374	1140
111	18330	374	2101
111	18330	374	2225
111	18330	374	2026
111	18330	374	1408
111	18330	374	2028
111	18330	374	3180
111	18330	374	1772
111	18330	374	436
111	18330	374	500
143	18430	474	145
143	18430	474	1190
143	18430	474	756
143	18430	474	282
143	18430	474	44
143	18430	474	1201
143	18430	474	2807
143	18430	474	2489
143	18430	474	358
143	18430	474	511
143	18430	474	183
143	18430	474	1593
143	18430	474	2412
143	18430	474	1982
143	18430	474	1205
143	18430	474	2352
143	18430	474	76
143	18430	474	3128
143	18430	474	406
143	18430	474	2016
143	18430	474	426
143	18430	474	1058
143	18430	474	610
143	18430	474	107
143	18430	474	981
143	18430	474	2018
143	18430	474	446
143	18430	474	2544
160	18480	524	76
160	18480	524	647
160	18480	524	449
160	18480	524	72
160	18480	524	2182
160	18480	524	98
160	18480	524	1968
160	18480	524	2479
160	18480	524	2714
160	18480	524	332
160	18480	524	575
160	18480	524	910
160	18480	524	594
160	18480	524	703
160	18480	524	511
160	18480	524	2082
160	18480	524	2555
160	18480	524	44
160	18480	524	1534
160	18480	524	2208
160	18480	524	564
160	18480	524	581
160	18480	524	770
160	18480	524	2478
160	18480	524	1197
160	18480	524	1806
160	18480	524	1801
160	18480	524	1379
160	18480	524	2238
160	18480	524	1718
160	18480	524	1313
160	18480	524	1227
160	18480	524	2277
160	18480	524	931
160	18480	524	203
160	18480	524	1922
160	18480	524	1643
160	18480	524	3096
160	18480	524	615
160	18480	524	520
160	18480	524	3082
160	18480	524	2893
160	18480	524	3214
175	18530	574	287
175	18530	574	317
175	18530	574	27
175	18530	574	502
175	18530	574	1440
175	18530	574	720
175	18530	574	3184
175	18530	574	56
175	18530	574	2661
175	18530	574	370
175	18530	574	961
175	18530	574	1220
175	18530	574	2433
175	18530	574	2722
175	18530	574	594
175	18530	574	558
175	18530	574	770
175	18530	574	310
175	18530	574	3028
175	18530	574	2091
175	18530	574	1323
175	18530	574	2411
175	18530	574	1377
175	18530	574	1412
175	18530	574	427
175	18530	574	14
175	18530	574	1795
175	18530	574	2156
175	18530	574	2470
175	18530	574	2171
36	18030	24	454
36	18030	24	299
36	18030	24	729
36	18030	24	1531
36	18030	24	2005
36	18030	24	84
36	18030	24	307
36	18030	24	292
36	18030	24	2242
36	18030	24	1630
54	18080	74	550
54	18080	74	1178
54	18080	74	84
54	18080	74	164
54	18080	74	248
54	18080	74	241
54	18080	74	3106
54	18080	74	819
54	18080	74	1099
54	18080	74	729
54	18080	74	194
54	18080	74	951
56	18130	124	93
56	18130	124	104
56	18130	124	2719
56	18130	124	913
56	18130	124	84
56	18130	124	2589
56	18130	124	1552
56	18130	124	241
56	18130	124	3056
56	18130	124	208
56	18130	124	3151
56	18130	124	819
56	18130	124	536
56	18130	124	937
56	18130	124	1135
68	18180	174	32
68	18180	174	54
68	18180	174	215
68	18180	174	2718
68	18180	174	208
68	18180	174	793
68	18180	174	1137
68	18180	174	137
68	18180	174	2490
68	18180	174	84
68	18180	174	112
68	18180	174	597
68	18180	174	3147
68	18180	174	1219
68	18180	174	583
68	18180	174	2071
68	18180	174	1206
81	18230	224	1073
81	18230	224	129
81	18230	224	112
81	18230	224	3040
81	18230	224	20
81	18230	224	1926
81	18230	224	551
81	18230	224	170
81	18230	224	151
81	18230	224	2183
81	18230	224	171
81	18230	224	54
81	18230	224	721
81	18230	224	1212
81	18230	224	1452
81	18230	224	2888
95	18280	274	301
95	18280	274	54
95	18280	274	2454
95	18280	274	1572
95	18280	274	297
95	18280	274	85
95	18280	274	1610
95	18280	274	113
95	18280	274	78
95	18280	274	683
95	18280	274	2165
95	18280	274	171
95	18280	274	3038
95	18280	274	250
95	18280	274	1393
95	18280	274	2948
95	18280	274	2467
95	18280	274	685
95	18280	274	1372
110	18330	324	279
110	18330	324	542
110	18330	324	25
110	18330	324	3034
110	18330	324	2114
110	18330	324	134
110	18330	324	313
110	18330	324	1057
110	18330	324	1949
110	18330	324	319
110	18330	324	2268
110	18330	324	1480
110	18330	324	46
110	18330	324	54
110	18330	324	1745
110	18330	324	2028
110	18330	324	847
110	18330	324	3015
110	18330	324	1015
110	18330	324	339
110	18330	324	1772
110	18330	324	500
110	18330	324	2041
110	18330	324	1588
110	18330	324	794
110	18330	324	797
110	18330	324	2452
110	18330	324	3091
110	18330	324	2949
110	18330	324	1490
142	18430	424	282
142	18430	424	358
142	18430	424	2899
142	18430	424	183
142	18430	424	426
142	18430	424	3222
142	18430	424	1058
142	18430	424	3159
142	18430	424	733
142	18430	424	610
142	18430	424	2172
142	18430	424	1812
142	18430	424	2
142	18430	424	2366
142	18430	424	107
142	18430	424	965
142	18430	424	2522
142	18430	424	1964
142	18430	424	342
142	18430	424	2367
142	18430	424	357
142	18430	424	1335
142	18430	424	2907
142	18430	424	69
142	18430	424	2196
142	18430	424	1413
142	18430	424	2619
142	18430	424	1707
142	18430	424	836
142	18430	424	2249
142	18430	424	2798
142	18430	424	1053
142	18430	424	3217
142	18430	424	1308
142	18430	424	477
142	18430	424	2119
142	18430	424	2081
142	18430	424	2824
142	18430	424	472
158	18480	474	511
158	18480	474	76
158	18480	474	3128
158	18480	474	44
158	18480	474	2277
158	18480	474	2203
158	18480	474	406
158	18480	474	3226
158	18480	474	2278
158	18480	474	203
158	18480	474	615
158	18480	474	2204
158	18480	474	2943
158	18480	474	1924
158	18480	474	145
158	18480	474	1884
158	18480	474	446
158	18480	474	3080
158	18480	474	981
158	18480	474	2279
158	18480	474	2544
158	18480	474	1885
158	18480	474	990
158	18480	474	2784
158	18480	474	3082
158	18480	474	2789
158	18480	474	426
158	18480	474	3248
158	18480	474	2543
158	18480	474	251
158	18480	474	2785
158	18480	474	240
158	18480	474	1704
158	18480	474	1886
158	18480	474	2893
158	18480	474	1990
158	18480	474	166
158	18480	474	3249
158	18480	474	3251
158	18480	474	2536
158	18480	474	2810
158	18480	474	2638
158	18480	474	2455
158	18480	474	2293
158	18480	474	1742
158	18480	474	956
158	18480	474	2047
158	18480	474	1374
158	18480	474	2034
158	18480	474	2448
158	18480	474	2947
158	18480	474	69
158	18480	474	2280
158	18480	474	139
158	18480	474	1744
158	18480	474	2231
174	18530	524	594
174	18530	524	770
174	18530	524	2411
174	18530	524	1323
174	18530	524	76
174	18530	524	427
174	18530	524	287
174	18530	524	2113
174	18530	524	1379
174	18530	524	2470
174	18530	524	800
174	18530	524	14
174	18530	524	2757
174	18530	524	1709
174	18530	524	1032
174	18530	524	27
174	18530	524	520
174	18530	524	203
174	18530	524	971
174	18530	524	939
174	18530	524	402
174	18530	524	56
174	18530	524	615
174	18530	524	641
174	18530	524	3214
174	18530	524	516
174	18530	524	2893
174	18530	524	331
174	18530	524	2901
174	18530	524	2361
174	18530	524	2403
174	18530	524	3261
174	18530	524	2312
174	18530	524	1695
174	18530	524	2475
174	18530	524	2687
174	18530	524	2324
174	18530	524	2647
174	18530	524	1072
126	18380	374	213
126	18380	374	488
126	18380	374	1465
126	18380	374	1544
126	18380	374	2
126	18380	374	46
126	18380	374	1475
126	18380	374	1140
126	18380	374	2816
126	18380	374	3112
126	18380	374	500
126	18380	374	1034
126	18380	374	1569
126	18380	374	1402
126	18380	374	1082
126	18380	374	1062
126	18380	374	1772
126	18380	374	436
126	18380	374	3008
126	18380	374	2746
126	18380	374	219
126	18380	374	1325
126	18380	374	262
126	18380	374	1805
126	18380	374	451
126	18380	374	1042
126	18380	374	1386
126	18380	374	828
126	18380	374	2443
126	18380	374	2437
126	18380	374	634
126	18380	374	1059
126	18380	374	3116
126	18380	374	2849
126	18380	374	182
126	18380	374	1061
126	18380	374	206
188	18580	574	558
188	18580	574	56
188	18580	574	27
188	18580	574	3244
188	18580	574	14
188	18580	574	1634
188	18580	574	431
188	18580	574	3094
188	18580	574	1875
188	18580	574	1696
188	18580	574	402
188	18580	574	430
188	18580	574	1607
188	18580	574	2430
45	18080	24	84
45	18080	24	729
45	18080	24	194
45	18080	24	2273
45	18080	24	1630
45	18080	24	241
45	18080	24	1332
45	18080	24	951
45	18080	24	957
45	18080	24	1631
67	18180	124	208
67	18180	124	84
67	18180	124	913
67	18180	124	536
67	18180	124	937
67	18180	124	1206
67	18180	124	1135
67	18180	124	2108
67	18180	124	455
67	18180	124	730
67	18180	124	2877
67	18180	124	827
67	18180	124	2054
94	18280	224	171
94	18280	224	54
94	18280	224	1452
94	18280	224	250
94	18280	224	1218
94	18280	224	208
94	18280	224	85
94	18280	224	731
94	18280	224	2735
94	18280	224	611
94	18280	224	2440
94	18280	224	146
94	18280	224	1507
94	18280	224	1065
125	18380	324	500
125	18380	324	436
125	18380	324	46
125	18380	324	794
125	18380	324	828
125	18380	324	797
125	18380	324	2390
125	18380	324	2241
125	18380	324	339
125	18380	324	3154
125	18380	324	1061
125	18380	324	634
125	18380	324	3197
125	18380	324	2849
125	18380	324	2422
125	18380	324	2874
125	18380	324	3267
125	18380	324	2259
125	18380	324	206
125	18380	324	2713
125	18380	324	351
125	18380	324	262
125	18380	324	182
125	18380	324	2998
125	18380	324	40
125	18380	324	2514
125	18380	324	1049
125	18380	324	3125
125	18380	324	41
125	18380	324	1047
125	18380	324	2792
125	18380	324	1265
125	18380	324	354
125	18380	324	2882
125	18380	324	196
125	18380	324	714
125	18380	324	1147
125	18380	324	3098
157	18480	424	426
157	18480	424	446
157	18480	424	2196
157	18480	424	1707
157	18480	424	69
157	18480	424	406
157	18480	424	2536
157	18480	424	2684
157	18480	424	965
157	18480	424	1297
157	18480	424	477
157	18480	424	929
157	18480	424	1271
157	18480	424	281
157	18480	424	613
157	18480	424	2824
157	18480	424	139
157	18480	424	2140
157	18480	424	2554
157	18480	424	2374
157	18480	424	472
157	18480	424	203
157	18480	424	1978
157	18480	424	2462
157	18480	424	251
157	18480	424	656
157	18480	424	1887
157	18480	424	2804
157	18480	424	2073
157	18480	424	1478
157	18480	424	2980
157	18480	424	1268
157	18480	424	3058
157	18480	424	1660
157	18480	424	2501
157	18480	424	2540
157	18480	424	1272
157	18480	424	1714
157	18480	424	2351
157	18480	424	1933
157	18480	424	118
157	18480	424	534
157	18480	424	864
157	18480	424	1519
157	18480	424	148
157	18480	424	90
157	18480	424	2061
157	18480	424	2991
157	18480	424	2936
157	18480	424	1758
157	18480	424	1652
157	18480	424	668
157	18480	424	2180
157	18480	424	672
187	18580	524	27
187	18580	524	56
187	18580	524	14
187	18580	524	402
187	18580	524	1726
187	18580	524	1875
187	18580	524	2687
187	18580	524	2324
187	18580	524	3053
187	18580	524	2752
187	18580	524	2320
187	18580	524	1793
187	18580	524	58
187	18580	524	499
187	18580	524	2847
187	18580	524	2188
187	18580	524	2323
187	18580	524	2310
187	18580	524	207
187	18580	524	172
187	18580	524	97
187	18580	524	2087
187	18580	524	479
187	18580	524	2086
187	18580	524	3232
187	18580	524	478
187	18580	524	1750
187	18580	524	3104
187	18580	524	2786
187	18580	524	1912
187	18580	524	131
64	18130	74	819
64	18130	74	241
64	18130	74	84
64	18130	74	951
64	18130	74	208
64	18130	74	903
64	18130	74	510
80	18230	174	112
80	18230	174	54
80	18230	174	151
80	18230	174	597
80	18230	174	208
80	18230	174	2917
80	18230	174	583
80	18230	174	2888
80	18230	174	2071
80	18230	174	171
80	18230	174	455
80	18230	174	1494
80	18230	174	3243
80	18230	174	1951
80	18230	174	630
80	18230	174	1953
80	18230	174	1621
109	18330	274	54
109	18330	274	1393
109	18330	274	2017
109	18330	274	2452
109	18330	274	78
109	18330	274	3074
109	18330	274	85
109	18330	274	297
109	18330	274	46
109	18330	274	1123
109	18330	274	1490
109	18330	274	1657
109	18330	274	566
109	18330	274	1646
109	18330	274	71
109	18330	274	817
109	18330	274	2378
109	18330	274	986
109	18330	274	887
109	18330	274	2009
141	18430	374	2
141	18430	374	357
141	18430	374	1082
141	18430	374	1053
141	18430	374	1582
141	18430	374	2437
141	18430	374	451
141	18430	374	69
141	18430	374	182
141	18430	374	219
141	18430	374	1799
141	18430	374	3032
141	18430	374	2240
141	18430	374	2081
141	18430	374	2702
141	18430	374	262
141	18430	374	1160
141	18430	374	41
141	18430	374	1541
141	18430	374	2107
141	18430	374	179
141	18430	374	474
141	18430	374	3117
141	18430	374	3161
141	18430	374	1309
141	18430	374	2609
141	18430	374	1277
141	18430	374	3219
141	18430	374	472
141	18430	374	1247
141	18430	374	1397
141	18430	374	557
141	18430	374	2088
141	18430	374	2396
141	18430	374	2884
141	18430	374	2064
141	18430	374	2038
141	18430	374	556
141	18430	374	1435
141	18430	374	2170
141	18430	374	1460
141	18430	374	2098
141	18430	374	3235
141	18430	374	2946
141	18430	374	48
172	18530	474	615
172	18530	474	2893
172	18530	474	203
172	18530	474	76
172	18530	474	56
172	18530	474	2361
172	18530	474	2150
172	18530	474	696
172	18530	474	331
172	18530	474	2312
172	18530	474	945
172	18530	474	14
172	18530	474	139
172	18530	474	1673
172	18530	474	402
172	18530	474	29
172	18530	474	3097
172	18530	474	2030
172	18530	474	1744
172	18530	474	1934
172	18530	474	2231
172	18530	474	2685
172	18530	474	2176
172	18530	474	2643
172	18530	474	523
172	18530	474	2587
172	18530	474	3229
172	18530	474	3208
172	18530	474	796
172	18530	474	2331
172	18530	474	58
172	18530	474	1892
172	18530	474	854
172	18530	474	2597
172	18530	474	2146
172	18530	474	372
172	18530	474	1594
172	18530	474	1567
172	18530	474	578
172	18530	474	1298
172	18530	474	1752
172	18530	474	1129
172	18530	474	1559
55	18130	24	951
55	18130	24	84
55	18130	24	194
55	18130	24	957
55	18130	24	510
55	18130	24	1631
55	18130	24	1656
55	18130	24	1650
75	18180	74	84
75	18180	74	208
75	18180	74	510
75	18180	74	2056
75	18180	74	167
75	18180	74	730
75	18180	74	2054
75	18180	74	237
75	18180	74	2055
75	18180	74	1334
75	18180	74	1292
79	18230	124	208
79	18230	124	455
79	18230	124	3243
79	18230	124	1206
79	18230	124	630
79	18230	124	827
79	18230	124	2054
79	18230	124	880
79	18230	124	2822
79	18230	124	760
79	18230	124	2782
79	18230	124	1203
93	18280	174	54
93	18280	174	208
93	18280	174	1951
93	18280	174	1953
93	18280	174	611
93	18280	174	1621
93	18280	174	146
93	18280	174	455
93	18280	174	1065
93	18280	174	2058
93	18280	174	2385
93	18280	174	2823
93	18280	174	6
93	18280	174	2270
93	18280	174	3245
93	18280	174	2370
93	18280	174	2371
108	18330	224	85
108	18330	224	54
108	18330	224	297
108	18330	224	46
108	18330	224	2237
108	18330	224	2378
108	18330	224	1613
108	18330	224	1507
108	18330	224	146
108	18330	224	689
108	18330	224	887
108	18330	224	119
108	18330	224	2009
108	18330	224	2163
108	18330	224	2464
108	18330	224	1640
108	18330	224	1504
108	18330	224	3278
108	18330	224	108
108	18330	224	508
124	18380	274	46
124	18380	274	1490
124	18380	274	351
124	18380	274	71
124	18380	274	1970
124	18380	274	354
124	18380	274	196
124	18380	274	1147
124	18380	274	8
124	18380	274	887
124	18380	274	714
124	18380	274	1083
124	18380	274	1228
124	18380	274	108
124	18380	274	984
124	18380	274	2493
124	18380	274	57
124	18380	274	2547
124	18380	274	260
140	18430	324	182
140	18430	324	262
140	18430	324	1397
140	18430	324	41
140	18430	324	40
140	18430	324	1961
140	18430	324	2884
140	18430	324	2038
140	18430	324	3252
140	18430	324	75
140	18430	324	1390
140	18430	324	2170
140	18430	324	3152
140	18430	324	1774
140	18430	324	1029
140	18430	324	2993
140	18430	324	196
140	18430	324	354
140	18430	324	556
140	18430	324	245
140	18430	324	3050
140	18430	324	714
140	18430	324	2697
140	18430	324	1370
140	18430	324	2565
140	18430	324	242
140	18430	324	1281
140	18430	324	2563
140	18430	324	1919
140	18430	324	1617
140	18430	324	8
140	18430	324	1866
140	18430	324	2564
140	18430	324	174
140	18430	324	2345
140	18430	324	1238
140	18430	324	1561
140	18430	324	850
140	18430	324	1863
140	18430	324	1867
140	18430	324	2395
156	18480	374	472
156	18480	374	3219
156	18480	374	69
156	18480	374	557
156	18480	374	1714
156	18480	374	2151
156	18480	374	148
156	18480	374	1653
156	18480	374	2099
156	18480	374	1255
156	18480	374	1502
156	18480	374	1240
156	18480	374	2936
156	18480	374	1460
156	18480	374	3005
156	18480	374	1550
156	18480	374	48
156	18480	374	90
156	18480	374	1868
156	18480	374	668
156	18480	374	1624
156	18480	374	1821
156	18480	374	556
156	18480	374	2611
156	18480	374	2303
156	18480	374	537
156	18480	374	3062
156	18480	374	3103
156	18480	374	1565
156	18480	374	2309
156	18480	374	3129
156	18480	374	862
156	18480	374	3108
156	18480	374	2941
156	18480	374	1426
156	18480	374	2860
156	18480	374	1549
156	18480	374	2978
156	18480	374	178
156	18480	374	750
156	18480	374	1063
156	18480	374	387
156	18480	374	1148
156	18480	374	2552
156	18480	374	1092
156	18480	374	1354
156	18480	374	156
171	18530	424	203
171	18530	424	139
171	18530	424	2587
171	18530	424	3146
171	18530	424	3208
171	18530	424	118
171	18530	424	1226
171	18530	424	69
171	18530	424	1098
171	18530	424	854
171	18530	424	1519
171	18530	424	2988
171	18530	424	90
171	18530	424	311
171	18530	424	2096
171	18530	424	1636
171	18530	424	2234
171	18530	424	735
171	18530	424	578
171	18530	424	2332
171	18530	424	868
171	18530	424	3057
171	18530	424	1652
171	18530	424	672
171	18530	424	2459
171	18530	424	2180
171	18530	424	1881
171	18530	424	2349
171	18530	424	3132
171	18530	424	1641
171	18530	424	1559
171	18530	424	2777
171	18530	424	506
171	18530	424	2359
171	18530	424	833
171	18530	424	2162
171	18530	424	29
171	18530	424	2631
171	18530	424	3047
171	18530	424	2421
171	18530	424	2879
171	18530	424	1876
171	18530	424	708
171	18530	424	2699
171	18530	424	74
171	18530	424	3043
171	18530	424	1980
171	18530	424	1343
171	18530	424	605
171	18530	424	2015
171	18530	424	2358
171	18530	424	1820
171	18530	424	1979
171	18530	424	1523
171	18530	424	465
171	18530	424	1084
171	18530	424	3237
171	18530	424	515
171	18530	424	169
171	18530	424	1404
171	18530	424	1664
171	18530	424	1039
171	18530	424	1243
171	18530	424	3078
171	18530	424	936
171	18530	424	2531
171	18530	424	3276
185	18580	474	402
185	18580	474	56
185	18580	474	58
185	18580	474	3229
185	18580	474	369
185	18580	474	29
185	18580	474	1960
185	18580	474	3232
185	18580	474	372
185	18580	474	1594
185	18580	474	3104
185	18580	474	2146
185	18580	474	1930
185	18580	474	478
185	18580	474	2410
185	18580	474	2990
185	18580	474	1518
185	18580	474	2044
185	18580	474	2786
185	18580	474	1298
185	18580	474	1864
185	18580	474	371
185	18580	474	2227
185	18580	474	578
185	18580	474	777
185	18580	474	3260
185	18580	474	2465
185	18580	474	2322
185	18580	474	1129
185	18580	474	1895
185	18580	474	565
185	18580	474	131
185	18580	474	1535
185	18580	474	1901
185	18580	474	309
185	18580	474	473
185	18580	474	546
185	18580	474	761
185	18580	474	2184
185	18580	474	2692
185	18580	474	1996
185	18580	474	1290
185	18580	474	224
185	18580	474	1976
185	18580	474	35
185	18580	474	177
199	18630	524	402
199	18630	524	56
199	18630	524	479
199	18630	524	2634
199	18630	524	97
199	18630	524	2542
199	18630	524	2801
199	18630	524	478
199	18630	524	131
199	18630	524	958
199	18630	524	2373
199	18630	524	2247
199	18630	524	1915
199	18630	524	2053
199	18630	524	142
199	18630	524	2198
199	18630	524	1437
66	18180	24	84
66	18180	24	510
66	18180	24	167
66	18180	24	237
66	18180	24	1656
66	18180	24	353
66	18180	24	2769
92	18280	124	208
92	18280	124	760
92	18280	124	6
92	18280	124	880
92	18280	124	2033
92	18280	124	1078
92	18280	124	1203
92	18280	124	3185
92	18280	124	2635
92	18280	124	53
92	18280	124	453
92	18280	124	2057
92	18280	124	1091
92	18280	124	1356
92	18280	124	2963
92	18280	124	2313
92	18280	124	3164
92	18280	124	1192
123	18380	224	887
123	18380	224	46
123	18380	224	119
123	18380	224	108
123	18380	224	71
123	18380	224	146
123	18380	224	2912
123	18380	224	2163
123	18380	224	297
123	18380	224	85
123	18380	224	1200
123	18380	224	2547
123	18380	224	260
123	18380	224	2913
123	18380	224	2037
155	18480	324	556
155	18480	324	1919
155	18480	324	48
155	18480	324	41
155	18480	324	174
155	18480	324	875
155	18480	324	850
155	18480	324	2251
155	18480	324	387
155	18480	324	2941
155	18480	324	2395
155	18480	324	1557
155	18480	324	489
155	18480	324	2269
155	18480	324	2524
155	18480	324	662
155	18480	324	69
155	18480	324	178
155	18480	324	2394
155	18480	324	156
155	18480	324	1239
155	18480	324	1133
155	18480	324	2471
155	18480	324	1403
155	18480	324	526
155	18480	324	2260
155	18480	324	254
155	18480	324	2775
155	18480	324	1387
87	18230	74	2054
87	18230	74	208
87	18230	74	827
87	18230	74	1334
87	18230	74	2055
87	18230	74	167
87	18230	74	237
87	18230	74	53
87	18230	74	1203
87	18230	74	31
87	18230	74	1341
87	18230	74	3093
87	18230	74	518
87	18230	74	2092
87	18230	74	3071
107	18330	174	54
107	18330	174	146
107	18330	174	6
107	18330	174	508
107	18330	174	195
107	18330	174	2270
107	18330	174	2371
107	18330	174	119
107	18330	174	644
107	18330	174	3279
107	18330	174	1186
107	18330	174	1429
107	18330	174	528
139	18430	274	196
139	18430	274	8
139	18430	274	714
139	18430	274	1281
139	18430	274	57
139	18430	274	46
139	18430	274	41
139	18430	274	1637
139	18430	274	1863
139	18430	274	1736
139	18430	274	1548
139	18430	274	2814
139	18430	274	260
139	18430	274	923
139	18430	274	174
139	18430	274	879
139	18430	274	126
139	18430	274	1510
139	18430	274	2678
139	18430	274	305
170	18530	374	90
170	18530	374	3062
170	18530	374	3129
170	18530	374	2631
170	18530	374	1180
170	18530	374	69
170	18530	374	2141
170	18530	374	1980
170	18530	374	1766
170	18530	374	1063
170	18530	374	178
170	18530	374	2391
170	18530	374	682
170	18530	374	3237
170	18530	374	1221
170	18530	374	1092
170	18530	374	515
170	18530	374	1148
170	18530	374	2117
170	18530	374	3236
170	18530	374	1664
170	18530	374	345
170	18530	374	3078
170	18530	374	899
170	18530	374	902
170	18530	374	156
170	18530	374	2531
170	18530	374	1897
170	18530	374	487
170	18530	374	2214
170	18530	374	2221
170	18530	374	3276
170	18530	374	1760
170	18530	374	2398
170	18530	374	513
170	18530	374	1222
170	18530	374	609
170	18530	374	120
170	18530	374	2186
170	18530	374	1914
170	18530	374	1252
170	18530	374	1008
170	18530	374	916
170	18530	374	2942
170	18530	374	1946
170	18530	374	2519
170	18530	374	2703
170	18530	374	67
170	18530	374	2520
170	18530	374	2964
170	18530	374	2771
170	18530	374	775
170	18530	374	486
170	18530	374	2518
170	18530	374	1282
170	18530	374	1942
170	18530	374	152
184	18580	424	578
184	18580	424	2162
184	18580	424	29
184	18580	424	1298
184	18580	424	2699
184	18580	424	2781
184	18580	424	506
184	18580	424	2835
184	18580	424	473
184	18580	424	544
184	18580	424	735
184	18580	424	2118
184	18580	424	1290
184	18580	424	1553
184	18580	424	1472
184	18580	424	2914
184	18580	424	1896
184	18580	424	465
184	18580	424	2915
184	18580	424	1084
184	18580	424	2360
184	18580	424	2886
184	18580	424	1786
184	18580	424	177
184	18580	424	169
184	18580	424	936
184	18580	424	2116
184	18580	424	2525
184	18580	424	1520
184	18580	424	90
184	18580	424	224
184	18580	424	1834
184	18580	424	2779
184	18580	424	1545
184	18580	424	2335
184	18580	424	2681
184	18580	424	2831
184	18580	424	2505
184	18580	424	2833
184	18580	424	1339
184	18580	424	943
184	18580	424	494
184	18580	424	2584
184	18580	424	3001
184	18580	424	1827
184	18580	424	938
184	18580	424	599
184	18580	424	2474
184	18580	424	2020
184	18580	424	1415
184	18580	424	559
184	18580	424	3247
184	18580	424	1692
184	18580	424	1623
184	18580	424	2832
184	18580	424	318
184	18580	424	214
184	18580	424	2828
184	18580	424	2199
184	18580	424	519
197	18630	474	56
197	18630	474	478
197	18630	474	131
197	18630	474	2247
197	18630	474	142
197	18630	474	761
197	18630	474	309
197	18630	474	322
197	18630	474	371
197	18630	474	1437
197	18630	474	565
197	18630	474	1832
197	18630	474	49
197	18630	474	35
197	18630	474	193
197	18630	474	3234
197	18630	474	224
197	18630	474	764
197	18630	474	686
197	18630	474	2348
197	18630	474	177
197	18630	474	1869
197	18630	474	2372
197	18630	474	62
197	18630	474	1880
197	18630	474	860
197	18630	474	1392
197	18630	474	1740
197	18630	474	2456
197	18630	474	3273
197	18630	474	2694
197	18630	474	1910
197	18630	474	2201
197	18630	474	1361
197	18630	474	559
197	18630	474	1131
197	18630	474	702
197	18630	474	2740
197	18630	474	1051
197	18630	474	2003
197	18630	474	2115
197	18630	474	1618
78	18230	24	237
78	18230	24	167
78	18230	24	31
78	18230	24	1571
78	18230	24	1341
78	18230	24	353
78	18230	24	2092
78	18230	24	53
78	18230	24	2769
78	18230	24	848
78	18230	24	1995
78	18230	24	419
100	18280	74	208
100	18280	74	53
100	18280	74	453
100	18280	74	1077
100	18280	74	518
100	18280	74	2313
100	18280	74	1091
100	18280	74	6
100	18280	74	2057
100	18280	74	2286
100	18280	74	2604
100	18280	74	3254
100	18280	74	2092
100	18280	74	1192
100	18280	74	168
100	18280	74	747
100	18280	74	218
100	18280	74	2846
100	18280	74	1955
100	18280	74	368
100	18280	74	363
100	18280	74	2127
106	18330	124	6
106	18330	124	644
106	18330	124	195
106	18330	124	1841
106	18330	124	1429
106	18330	124	528
106	18330	124	2963
106	18330	124	1192
106	18330	124	218
106	18330	124	665
106	18330	124	643
106	18330	124	189
122	18380	174	146
122	18380	174	119
122	18380	174	1186
122	18380	174	2163
122	18380	174	108
122	18380	174	297
122	18380	174	85
122	18380	174	2109
122	18380	174	1779
122	18380	174	6
122	18380	174	1577
122	18380	174	946
122	18380	174	2586
122	18380	174	195
122	18380	174	790
122	18380	174	2406
122	18380	174	1615
122	18380	174	1060
122	18380	174	3148
122	18380	174	571
122	18380	174	409
122	18380	174	2074
122	18380	174	1471
122	18380	174	150
122	18380	174	1796
122	18380	174	461
122	18380	174	678
138	18430	224	46
138	18430	224	260
138	18430	224	71
138	18430	224	57
138	18430	224	108
138	18430	224	1510
138	18430	224	2511
138	18430	224	41
138	18430	224	2913
138	18430	224	540
138	18430	224	2037
138	18430	224	2911
138	18430	224	305
138	18430	224	420
138	18430	224	155
154	18480	274	41
154	18480	274	174
154	18480	274	57
154	18480	274	489
154	18480	274	126
154	18480	274	803
154	18480	274	1592
154	18480	274	156
154	18480	274	2427
154	18480	274	1403
154	18480	274	526
154	18480	274	2260
154	18480	274	2868
154	18480	274	254
154	18480	274	1387
154	18480	274	1865
154	18480	274	100
154	18480	274	2878
154	18480	274	978
154	18480	274	1761
154	18480	274	1852
154	18480	274	417
154	18480	274	1381
154	18480	274	2297
154	18480	274	2377
154	18480	274	400
154	18480	274	2954
154	18480	274	367
169	18530	324	156
169	18530	324	69
169	18530	324	1914
169	18530	324	916
169	18530	324	513
169	18530	324	274
169	18530	324	1639
169	18530	324	1252
169	18530	324	814
169	18530	324	120
169	18530	324	2258
169	18530	324	1473
169	18530	324	771
169	18530	324	3258
169	18530	324	486
169	18530	324	2110
169	18530	324	466
169	18530	324	2289
169	18530	324	254
169	18530	324	152
169	18530	324	660
169	18530	324	149
169	18530	324	1089
169	18530	324	2178
169	18530	324	1280
169	18530	324	635
169	18530	324	2211
169	18530	324	1414
169	18530	324	2930
169	18530	324	3035
169	18530	324	2257
169	18530	324	115
169	18530	324	967
169	18530	324	2166
169	18530	324	640
169	18530	324	2112
169	18530	324	1449
169	18530	324	460
169	18530	324	467
183	18580	374	90
183	18580	374	1339
183	18580	374	487
183	18580	374	169
183	18580	374	2222
183	18580	374	2584
183	18580	374	609
183	18580	374	599
183	18580	374	2040
183	18580	374	2181
183	18580	374	67
183	18580	374	775
183	18580	374	1965
183	18580	374	1415
183	18580	374	435
183	18580	374	214
183	18580	374	3272
183	18580	374	588
183	18580	374	120
183	18580	374	392
183	18580	374	3142
183	18580	374	3052
183	18580	374	486
183	18580	374	1342
183	18580	374	1469
183	18580	374	1209
183	18580	374	947
183	18580	374	1025
183	18580	374	278
183	18580	374	318
183	18580	374	152
183	18580	374	1981
183	18580	374	405
183	18580	374	24
183	18580	374	1861
183	18580	374	3092
183	18580	374	1256
183	18580	374	2897
183	18580	374	2811
183	18580	374	695
183	18580	374	1665
183	18580	374	265
183	18580	374	2939
183	18580	374	2695
183	18580	374	234
183	18580	374	2532
183	18580	374	1346
183	18580	374	954
196	18630	424	224
196	18630	424	177
196	18630	424	35
196	18630	424	371
196	18630	424	473
196	18630	424	559
196	18630	424	632
196	18630	424	2444
196	18630	424	2045
196	18630	424	2636
196	18630	424	2723
196	18630	424	938
196	18630	424	2020
196	18630	424	318
196	18630	424	193
196	18630	424	702
196	18630	424	1266
196	18630	424	2740
196	18630	424	2199
196	18630	424	62
196	18630	424	1618
196	18630	424	519
196	18630	424	830
196	18630	424	2818
196	18630	424	3200
196	18630	424	2128
196	18630	424	184
196	18630	424	1415
196	18630	424	884
196	18630	424	1163
196	18630	424	2994
196	18630	424	2402
196	18630	424	1256
196	18630	424	2060
196	18630	424	2918
196	18630	424	1466
196	18630	424	359
196	18630	424	2089
196	18630	424	95
196	18630	424	2343
196	18630	424	1260
196	18630	424	1159
196	18630	424	1698
196	18630	424	2821
196	18630	424	2841
196	18630	424	2529
196	18630	424	3021
208	18680	474	56
208	18680	474	62
208	18680	474	193
208	18680	474	1361
208	18680	474	2916
208	18680	474	1131
208	18680	474	1003
208	18680	474	1051
208	18680	474	1618
208	18680	474	1202
208	18680	474	2733
208	18680	474	2595
208	18680	474	2992
208	18680	474	338
208	18680	474	1496
208	18680	474	2671
208	18680	474	2516
208	18680	474	3042
208	18680	474	1193
208	18680	474	95
91	18280	24	53
91	18280	24	518
91	18280	24	1995
91	18280	24	419
91	18280	24	136
121	18380	124	195
121	18380	124	6
121	18380	124	1060
121	18380	124	528
121	18380	124	571
121	18380	124	871
121	18380	124	85
121	18380	124	189
121	18380	124	665
121	18380	124	529
121	18380	124	461
121	18380	124	678
121	18380	124	1471
121	18380	124	150
121	18380	124	1563
121	18380	124	53
121	18380	124	1258
121	18380	124	106
153	18480	224	41
153	18480	224	305
153	18480	224	100
153	18480	224	108
153	18480	224	3196
153	18480	224	126
153	18480	224	155
153	18480	224	896
153	18480	224	3259
153	18480	224	1066
153	18480	224	892
153	18480	224	803
153	18480	224	2305
153	18480	224	1730
153	18480	224	2577
153	18480	224	2954
153	18480	224	2105
153	18480	224	882
153	18480	224	706
153	18480	224	1102
153	18480	224	389
153	18480	224	377
153	18480	224	1
182	18580	324	152
182	18580	324	1252
182	18580	324	67
182	18580	324	269
182	18580	324	2875
182	18580	324	2166
182	18580	324	1690
182	18580	324	1665
182	18580	324	265
182	18580	324	560
182	18580	324	149
182	18580	324	638
182	18580	324	513
182	18580	324	2075
182	18580	324	1103
182	18580	324	2727
182	18580	324	234
182	18580	324	24
182	18580	324	2721
182	18580	324	467
182	18580	324	1994
182	18580	324	1616
182	18580	324	460
182	18580	324	1162
182	18580	324	2950
182	18580	324	2043
182	18580	324	580
182	18580	324	1628
182	18580	324	1757
182	18580	324	1019
182	18580	324	2008
182	18580	324	2803
182	18580	324	659
182	18580	324	1941
182	18580	324	1007
182	18580	324	2007
182	18580	324	59
207	18680	424	193
207	18680	424	1202
207	18680	424	62
207	18680	424	1131
207	18680	424	1466
207	18680	424	2343
207	18680	424	2594
207	18680	424	95
207	18680	424	184
207	18680	424	2620
207	18680	424	2453
207	18680	424	1764
207	18680	424	1928
207	18680	424	2821
207	18680	424	1193
207	18680	424	2749
207	18680	424	944
207	18680	424	335
207	18680	424	2159
207	18680	424	2999
207	18680	424	1360
207	18680	424	19
207	18680	424	3216
207	18680	424	1143
207	18680	424	94
207	18680	424	1622
207	18680	424	3065
207	18680	424	664
207	18680	424	2780
207	18680	424	1906
207	18680	424	2666
207	18680	424	553
207	18680	424	1320
207	18680	424	921
207	18680	424	3246
207	18680	424	383
207	18680	424	3066
207	18680	424	23
207	18680	424	3064
207	18680	424	2160
207	18680	424	2512
207	18680	424	2316
207	18680	424	690
207	18680	424	2468
207	18680	424	1575
207	18680	424	1789
114	18330	74	1192
114	18330	74	6
114	18330	74	218
114	18330	74	2730
114	18330	74	2756
114	18330	74	1955
114	18330	74	463
114	18330	74	53
114	18330	74	1725
114	18330	74	492
114	18330	74	893
114	18330	74	643
114	18330	74	368
114	18330	74	2288
114	18330	74	195
114	18330	74	2863
114	18330	74	253
114	18330	74	1763
114	18330	74	1126
114	18330	74	1762
114	18330	74	1359
114	18330	74	1304
114	18330	74	2767
114	18330	74	2569
137	18430	174	108
137	18430	174	119
137	18430	174	297
137	18430	174	2074
137	18430	174	420
137	18430	174	150
137	18430	174	252
137	18430	174	1615
137	18430	174	3188
137	18430	174	1471
137	18430	174	155
137	18430	174	1167
137	18430	174	308
137	18430	174	3100
137	18430	174	2282
137	18430	174	3192
137	18430	174	1
168	18530	274	156
168	18530	274	978
168	18530	274	635
168	18530	274	115
168	18530	274	400
168	18530	274	41
168	18530	274	367
168	18530	274	640
168	18530	274	1449
168	18530	274	100
168	18530	274	1848
168	18530	274	513
168	18530	274	1670
168	18530	274	1161
168	18530	274	460
168	18530	274	1447
168	18530	274	3073
168	18530	274	467
168	18530	274	857
168	18530	274	882
168	18530	274	2903
168	18530	274	3076
168	18530	274	298
168	18530	274	1318
168	18530	274	1434
168	18530	274	1
195	18630	374	318
195	18630	374	278
195	18630	374	1256
195	18630	374	519
195	18630	374	1260
195	18630	374	214
195	18630	374	712
195	18630	374	184
195	18630	374	1861
195	18630	374	1469
195	18630	374	433
195	18630	374	24
195	18630	374	1075
195	18630	374	901
195	18630	374	429
195	18630	374	2852
195	18630	374	2842
195	18630	374	2977
195	18630	374	2695
195	18630	374	356
195	18630	374	95
195	18630	374	1918
195	18630	374	954
195	18630	374	1027
195	18630	374	1159
195	18630	374	2725
195	18630	374	1362
195	18630	374	2850
195	18630	374	1858
195	18630	374	669
195	18630	374	295
195	18630	374	2623
195	18630	374	645
195	18630	374	849
195	18630	374	360
195	18630	374	3165
195	18630	374	718
195	18630	374	3045
105	18330	24	53
105	18330	24	1126
105	18330	24	315
105	18330	24	2253
105	18330	24	1474
105	18330	24	1359
105	18330	24	1479
105	18330	24	1542
105	18330	24	738
105	18330	24	1283
129	18380	74	195
129	18380	74	189
129	18380	74	643
129	18380	74	1563
129	18380	74	444
129	18380	74	53
129	18380	74	253
129	18380	74	1564
129	18380	74	2982
129	18380	74	1
129	18380	74	106
129	18380	74	2407
129	18380	74	1857
129	18380	74	1141
136	18430	124	1471
136	18430	124	150
136	18430	124	3100
136	18430	124	297
136	18430	124	461
136	18430	124	1258
136	18430	124	1563
136	18430	124	1615
136	18430	124	252
136	18430	124	106
136	18430	124	1708
136	18430	124	1
136	18430	124	2074
136	18430	124	679
136	18430	124	1803
136	18430	124	1166
136	18430	124	543
136	18430	124	2059
152	18480	174	108
152	18480	174	155
152	18480	174	252
152	18480	174	100
152	18480	174	2013
152	18480	174	585
152	18480	174	3283
152	18480	174	2556
152	18480	174	1018
152	18480	174	377
152	18480	174	471
152	18480	174	1102
152	18480	174	1177
152	18480	174	308
152	18480	174	1
152	18480	174	2283
152	18480	174	532
152	18480	174	2729
152	18480	174	150
152	18480	174	3115
152	18480	174	1487
167	18530	224	803
167	18530	224	100
167	18530	224	882
167	18530	224	878
167	18530	224	530
167	18530	224	389
167	18530	224	2861
167	18530	224	2716
167	18530	224	857
167	18530	224	1318
167	18530	224	3241
167	18530	224	1
167	18530	224	65
167	18530	224	532
167	18530	224	773
167	18530	224	2923
167	18530	224	527
167	18530	224	687
167	18530	224	3031
167	18530	224	586
181	18580	274	460
181	18580	274	467
181	18580	274	640
181	18580	274	920
181	18580	274	857
181	18580	274	2721
181	18580	274	152
181	18580	274	1291
181	18580	274	298
181	18580	274	115
181	18580	274	1007
181	18580	274	2476
181	18580	274	2477
181	18580	274	141
181	18580	274	197
181	18580	274	2022
181	18580	274	1434
181	18580	274	2583
181	18580	274	1
181	18580	274	2007
181	18580	274	59
181	18580	274	757
181	18580	274	2500
181	18580	274	1380
181	18580	274	1134
181	18580	274	3171
181	18580	274	3268
181	18580	274	694
181	18580	274	1326
181	18580	274	2857
181	18580	274	1645
181	18580	274	614
181	18580	274	2772
181	18580	274	1286
194	18630	324	24
194	18630	324	669
194	18630	324	234
194	18630	324	209
194	18630	324	289
194	18630	324	2353
194	18630	324	360
194	18630	324	1628
194	18630	324	2008
194	18630	324	2803
194	18630	324	1328
194	18630	324	59
194	18630	324	450
194	18630	324	718
194	18630	324	1649
194	18630	324	152
194	18630	324	2896
194	18630	324	2007
194	18630	324	2839
194	18630	324	380
194	18630	324	1974
194	18630	324	217
194	18630	324	2393
194	18630	324	30
194	18630	324	275
194	18630	324	2386
194	18630	324	2720
194	18630	324	1737
194	18630	324	2375
194	18630	324	1069
194	18630	324	1484
194	18630	324	130
206	18680	374	95
206	18680	374	553
206	18680	374	2862
206	18680	374	184
206	18680	374	1159
206	18680	374	849
206	18680	374	383
206	18680	374	2675
206	18680	374	24
206	18680	374	1306
206	18680	374	360
206	18680	374	598
206	18680	374	2080
206	18680	374	1107
206	18680	374	616
206	18680	374	1575
206	18680	374	2881
206	18680	374	217
206	18680	374	498
206	18680	374	2213
206	18680	374	2381
206	18680	374	3007
206	18680	374	2319
206	18680	374	484
206	18680	374	2618
206	18680	374	2217
206	18680	374	1959
206	18680	374	2613
206	18680	374	293
206	18680	374	312
206	18680	374	2704
206	18680	374	1108
206	18680	374	2902
206	18680	374	2817
206	18680	374	1158
206	18680	374	1142
206	18680	374	2388
206	18680	374	2959
206	18680	374	1515
206	18680	374	192
217	18730	424	335
217	18730	424	94
217	18730	424	921
217	18730	424	23
217	18730	424	1992
217	18730	424	1842
217	18730	424	2418
217	18730	424	1384
217	18730	424	383
217	18730	424	77
217	18730	424	1853
217	18730	424	1789
217	18730	424	2217
217	18730	424	1798
217	18730	424	498
217	18730	424	554
217	18730	424	1629
217	18730	424	3256
217	18730	424	3257
217	18730	424	2220
217	18730	424	539
217	18730	424	2737
217	18730	424	79
217	18730	424	2961
217	18730	424	684
120	18380	24	53
120	18380	24	1359
120	18380	24	315
120	18380	24	1
120	18380	24	1857
120	18380	24	1141
120	18380	24	2567
120	18380	24	1357
120	18380	24	2876
120	18380	24	2212
120	18380	24	801
120	18380	24	3114
120	18380	24	589
151	18480	124	1
151	18480	124	150
151	18480	124	252
151	18480	124	543
151	18480	124	679
151	18480	124	1615
151	18480	124	297
151	18480	124	607
151	18480	124	1495
151	18480	124	2658
151	18480	124	933
151	18480	124	2256
151	18480	124	2669
151	18480	124	2451
151	18480	124	73
151	18480	124	1327
151	18480	124	2399
151	18480	124	974
151	18480	124	68
151	18480	124	1771
151	18480	124	2218
151	18480	124	1026
151	18480	124	576
180	18580	224	857
180	18580	224	1
180	18580	224	2500
180	18580	224	100
180	18580	224	627
180	18580	224	59
180	18580	224	2469
180	18580	224	3095
180	18580	224	1476
180	18580	224	263
180	18580	224	1286
180	18580	224	586
180	18580	224	2079
180	18580	224	674
180	18580	224	2379
180	18580	224	2747
180	18580	224	60
205	18680	324	360
205	18680	324	217
205	18680	324	2393
205	18680	324	1828
205	18680	324	312
205	18680	324	24
205	18680	324	1935
205	18680	324	275
205	18680	324	293
205	18680	324	2651
205	18680	324	3041
205	18680	324	380
205	18680	324	1351
205	18680	324	304
205	18680	324	30
205	18680	324	3157
205	18680	324	2130
205	18680	324	2559
205	18680	324	952
205	18680	324	192
205	18680	324	1997
205	18680	324	28
205	18680	324	130
205	18680	324	50
205	18680	324	3000
205	18680	324	2788
205	18680	324	604
205	18680	324	1943
205	18680	324	1406
205	18680	324	1105
205	18680	324	1031
144	18430	74	106
144	18430	74	1
144	18430	74	2413
144	18430	74	2059
144	18430	74	2414
144	18430	74	589
144	18430	74	543
144	18430	74	1207
144	18430	74	1674
144	18430	74	2774
144	18430	74	985
144	18430	74	545
144	18430	74	825
144	18430	74	1516
144	18430	74	1000
166	18530	174	1
166	18530	174	532
166	18530	174	3115
166	18530	174	687
166	18530	174	1487
166	18530	174	527
166	18530	174	1068
166	18530	174	586
166	18530	174	933
166	18530	174	2168
166	18530	174	2233
166	18530	174	1831
166	18530	174	1991
166	18530	174	584
166	18530	174	373
166	18530	174	691
166	18530	174	2244
166	18530	174	1566
193	18630	274	2007
193	18630	274	59
193	18630	274	30
193	18630	274	757
193	18630	274	1
193	18630	274	2375
193	18630	274	1069
193	18630	274	2864
193	18630	274	1451
193	18630	274	2032
193	18630	274	1006
193	18630	274	130
193	18630	274	2135
193	18630	274	1286
193	18630	274	2079
193	18630	274	2144
193	18630	274	2837
193	18630	274	2299
193	18630	274	2025
193	18630	274	9
193	18630	274	1485
193	18630	274	2812
193	18630	274	51
193	18630	274	928
193	18630	274	823
193	18630	274	2523
193	18630	274	1599
193	18630	274	160
193	18630	274	17
216	18730	374	383
216	18730	374	498
216	18730	374	2217
216	18730	374	3007
216	18730	374	23
216	18730	374	1798
216	18730	374	2608
216	18730	374	1808
216	18730	374	554
216	18730	374	312
216	18730	374	2220
216	18730	374	1108
216	18730	374	1158
216	18730	374	562
216	18730	374	3025
216	18730	374	2737
216	18730	374	1376
216	18730	374	1211
216	18730	374	3280
216	18730	374	2356
216	18730	374	539
216	18730	374	2961
216	18730	374	28
216	18730	374	1854
216	18730	374	79
216	18730	374	1836
216	18730	374	1515
216	18730	374	2626
216	18730	374	684
216	18730	374	192
216	18730	374	563
216	18730	374	1620
216	18730	374	2384
216	18730	374	2813
216	18730	374	602
216	18730	374	1944
216	18730	374	2622
216	18730	374	2588
216	18730	374	2355
216	18730	374	1176
216	18730	374	655
216	18730	374	2137
216	18730	374	1110
216	18730	374	3133
216	18730	374	399
216	18730	374	2392
216	18730	374	3131
216	18730	374	2624
216	18730	374	1527
216	18730	374	1417
216	18730	374	3149
216	18730	374	91
216	18730	374	820
216	18730	374	2387
135	18430	24	1
135	18430	24	589
135	18430	24	2567
135	18430	24	2510
135	18430	24	3086
135	18430	24	53
135	18430	24	2876
135	18430	24	985
135	18430	24	1168
135	18430	24	801
135	18430	24	545
135	18430	24	1037
135	18430	24	666
159	18480	74	1
159	18480	74	2451
159	18480	74	543
159	18480	74	297
159	18480	74	1771
159	18480	74	1615
159	18480	74	745
159	18480	74	1000
159	18480	74	576
159	18480	74	2097
159	18480	74	1358
159	18480	74	43
159	18480	74	1626
165	18530	124	933
165	18530	124	1
165	18530	124	1269
165	18530	124	1991
165	18530	124	1746
165	18530	124	2399
165	18530	124	584
165	18530	124	73
165	18530	124	622
165	18530	124	1324
165	18530	124	373
165	18530	124	2094
165	18530	124	1492
165	18530	124	974
165	18530	124	2244
165	18530	124	576
165	18530	124	2157
165	18530	124	2218
165	18530	124	524
165	18530	124	68
165	18530	124	1566
165	18530	124	1026
165	18530	124	2488
165	18530	124	1792
179	18580	174	1
179	18580	174	1831
179	18580	174	674
179	18580	174	100
179	18580	174	919
179	18580	174	1344
179	18580	174	60
179	18580	174	3263
179	18580	174	1055
179	18580	174	1289
179	18580	174	1693
179	18580	174	1681
179	18580	174	2920
179	18580	174	579
179	18580	174	995
179	18580	174	421
179	18580	174	1818
179	18580	174	264
179	18580	174	1988
179	18580	174	2979
179	18580	174	22
192	18630	224	1
192	18630	224	1286
192	18630	224	2079
192	18630	224	59
192	18630	224	781
192	18630	224	51
192	18630	224	3204
192	18630	224	1526
192	18630	224	160
192	18630	224	2001
192	18630	224	2809
192	18630	224	60
192	18630	224	1598
192	18630	224	561
192	18630	224	2866
192	18630	224	2300
192	18630	224	333
192	18630	224	1279
192	18630	224	1198
192	18630	224	266
192	18630	224	1114
192	18630	224	3029
192	18630	224	1903
192	18630	224	1056
192	18630	224	889
192	18630	224	2909
192	18630	224	2121
192	18630	224	22
192	18630	224	2668
192	18630	224	1041
192	18630	224	2965
192	18630	224	2664
192	18630	224	2229
204	18680	274	130
204	18680	274	952
204	18680	274	50
204	18680	274	30
204	18680	274	2845
204	18680	274	1701
204	18680	274	1307
204	18680	274	9
204	18680	274	1700
204	18680	274	2787
204	18680	274	1570
204	18680	274	1923
204	18680	274	59
204	18680	274	2066
204	18680	274	2657
204	18680	274	17
204	18680	274	1599
204	18680	274	3037
204	18680	274	160
204	18680	274	1391
204	18680	274	1031
204	18680	274	1105
204	18680	274	225
204	18680	274	2891
204	18680	274	926
204	18680	274	1035
204	18680	274	2670
204	18680	274	1181
204	18680	274	1311
204	18680	274	2806
204	18680	274	1470
204	18680	274	475
215	18730	324	192
215	18730	324	28
215	18730	324	2588
215	18730	324	50
215	18730	324	709
215	18730	324	1787
215	18730	324	604
215	18730	324	2788
215	18730	324	1395
215	18730	324	1794
215	18730	324	1406
215	18730	324	1943
215	18730	324	190
215	18730	324	1064
215	18730	324	2627
215	18730	324	2625
215	18730	324	820
215	18730	324	2655
215	18730	324	569
215	18730	324	1105
215	18730	324	2690
215	18730	324	17
215	18730	324	1036
215	18730	324	1031
215	18730	324	2285
215	18730	324	2239
215	18730	324	631
215	18730	324	91
215	18730	324	1080
215	18730	324	2843
215	18730	324	38
215	18730	324	955
215	18730	324	3122
215	18730	324	396
215	18730	324	2717
215	18730	324	531
215	18730	324	300
215	18730	324	2629
225	18780	374	28
225	18780	374	2384
225	18780	374	3026
225	18780	374	1176
225	18780	374	602
225	18780	374	3135
225	18780	374	3131
225	18780	374	91
225	18780	374	2341
225	18780	374	2392
225	18780	374	1119
225	18780	374	2521
225	18780	374	2783
225	18780	374	1210
225	18780	374	820
225	18780	374	1675
225	18780	374	1461
225	18780	374	2387
225	18780	374	1907
225	18780	374	3218
225	18780	374	418
225	18780	374	1647
225	18780	374	158
225	18780	374	1595
225	18780	374	1717
150	18480	24	1
150	18480	24	589
150	18480	24	1000
150	18480	24	43
150	18480	24	1037
150	18480	24	666
150	18480	24	3009
178	18580	124	1
178	18580	124	373
178	18580	124	1693
178	18580	124	60
178	18580	124	1792
178	18580	124	995
178	18580	124	1562
178	18580	124	421
178	18580	124	1680
178	18580	124	1679
178	18580	124	143
178	18580	124	22
178	18580	124	2205
178	18580	124	3206
178	18580	124	2210
178	18580	124	1604
178	18580	124	212
178	18580	124	1385
203	18680	224	160
203	18680	224	17
203	18680	224	51
203	18680	224	1279
203	18680	224	1035
203	18680	224	475
203	18680	224	333
203	18680	224	266
203	18680	224	1528
203	18680	224	22
203	18680	224	1560
203	18680	224	1409
203	18680	224	2927
203	18680	224	2664
203	18680	224	2229
203	18680	224	555
203	18680	224	517
203	18680	224	3172
203	18680	224	1225
203	18680	224	3070
203	18680	224	2762
203	18680	224	271
203	18680	224	261
224	18780	324	28
224	18780	324	2387
224	18780	324	91
224	18780	324	1064
224	18780	324	820
224	18780	324	1907
224	18780	324	2357
224	18780	324	418
224	18780	324	2843
224	18780	324	569
224	18780	324	2295
224	18780	324	2424
224	18780	324	300
224	18780	324	2796
224	18780	324	2153
224	18780	324	1651
224	18780	324	1595
224	18780	324	3191
224	18780	324	1191
224	18780	324	1150
224	18780	324	158
224	18780	324	1036
224	18780	324	2138
224	18780	324	3270
224	18780	324	38
224	18780	324	531
224	18780	324	2629
224	18780	324	2677
224	18780	324	2960
224	18780	324	2562
224	18780	324	3262
224	18780	324	2656
224	18780	324	570
224	18780	324	1410
224	18780	324	1250
224	18780	324	1632
224	18780	324	2711
224	18780	324	2776
224	18780	324	1389
224	18780	324	1765
224	18780	324	1028
224	18780	324	116
224	18780	324	1654
224	18780	324	826
224	18780	324	1373
173	18530	74	1
173	18530	74	576
173	18530	74	297
173	18530	74	1615
173	18530	74	2880
173	18530	74	1902
173	18530	74	1626
173	18530	74	373
173	18530	74	43
173	18530	74	1327
173	18530	74	70
173	18530	74	608
191	18630	174	1
191	18630	174	60
191	18630	174	1056
191	18630	174	264
191	18630	174	579
191	18630	174	2111
191	18630	174	22
191	18630	174	1818
191	18630	174	1609
191	18630	174	421
191	18630	174	2979
191	18630	174	161
191	18630	174	1041
191	18630	174	2654
191	18630	174	2132
191	18630	174	877
191	18630	174	2664
191	18630	174	2494
191	18630	174	230
191	18630	174	976
191	18630	174	1189
191	18630	174	658
191	18630	174	1128
191	18630	174	1364
214	18730	274	1031
214	18730	274	50
214	18730	274	225
214	18730	274	1105
214	18730	274	17
214	18730	274	259
214	18730	274	190
214	18730	274	1682
214	18730	274	38
214	18730	274	396
214	18730	274	955
214	18730	274	998
214	18730	274	1311
214	18730	274	3054
214	18730	274	3060
214	18730	274	1470
214	18730	274	2200
214	18730	274	2921
214	18730	274	1600
214	18730	274	1208
214	18730	274	787
214	18730	274	2179
214	18730	274	3166
214	18730	274	531
214	18730	274	3277
214	18730	274	620
214	18730	274	2024
214	18730	274	1797
214	18730	274	1500
214	18730	274	459
214	18730	274	1448
214	18730	274	2750
214	18730	274	2389
214	18730	274	2093
214	18730	274	1587
214	18730	274	280
214	18730	274	2646
214	18730	274	1453
214	18730	274	3014
214	18730	274	1033
214	18730	274	2794
214	18730	274	1067
214	18730	274	276
164	18530	24	1
164	18530	24	1327
164	18530	24	43
164	18530	24	347
164	18530	24	3118
164	18530	24	70
164	18530	24	679
164	18530	24	297
164	18530	24	1615
164	18530	24	608
164	18530	24	843
164	18530	24	2441
164	18530	24	1467
164	18530	24	577
186	18580	74	1
186	18580	74	143
186	18580	74	1604
186	18580	74	705
186	18580	74	608
186	18580	74	1430
186	18580	74	3206
186	18580	74	3207
186	18580	74	1385
186	18580	74	1001
186	18580	74	2986
186	18580	74	1101
186	18580	74	43
186	18580	74	1533
186	18580	74	362
186	18580	74	667
190	18630	124	22
190	18630	124	421
190	18630	124	1189
190	18630	124	143
190	18630	124	3206
190	18630	124	658
190	18630	124	212
190	18630	124	1491
190	18630	124	2346
190	18630	124	1385
190	18630	124	1
190	18630	124	2966
190	18630	124	314
190	18630	124	1195
190	18630	124	2383
190	18630	124	834
190	18630	124	3203
190	18630	124	43
202	18680	174	22
202	18680	174	1547
202	18680	174	3172
202	18680	174	976
202	18680	174	230
202	18680	174	2483
202	18680	174	2326
202	18680	174	2983
202	18680	174	2762
202	18680	174	1128
202	18680	174	271
202	18680	174	1400
202	18680	174	1489
202	18680	174	261
202	18680	174	2507
202	18680	174	2063
202	18680	174	314
202	18680	174	2996
202	18680	174	17
202	18680	174	3105
202	18680	174	2898
202	18680	174	932
202	18680	174	1438
202	18680	174	2347
202	18680	174	2700
202	18680	174	42
202	18680	174	2938
202	18680	174	382
202	18680	174	1340
202	18680	174	452
213	18730	224	17
213	18730	224	1470
213	18730	224	3070
213	18730	224	517
213	18730	224	1182
213	18730	224	271
213	18730	224	1067
213	18730	224	2496
213	18730	224	38
213	18730	224	276
213	18730	224	1350
213	18730	224	2067
213	18730	224	1184
213	18730	224	1558
213	18730	224	314
213	18730	224	102
213	18730	224	267
213	18730	224	778
213	18730	224	320
213	18730	224	3113
213	18730	224	788
223	18780	274	531
223	18780	274	38
223	18780	274	300
223	18780	274	569
223	18780	274	570
223	18780	274	158
223	18780	274	187
223	18780	274	1028
223	18780	274	2794
223	18780	274	1497
223	18780	274	280
223	18780	274	1338
223	18780	274	2106
223	18780	274	116
223	18780	274	2639
223	18780	274	2248
223	18780	274	276
223	18780	274	3199
223	18780	274	680
223	18780	274	1373
223	18780	274	2660
223	18780	274	2275
223	18780	274	2650
223	18780	274	2276
223	18780	274	412
223	18780	274	1537
223	18780	274	441
223	18780	274	3195
223	18780	274	538
223	18780	274	805
223	18780	274	2290
223	18780	274	2420
223	18780	274	102
223	18780	274	2419
232	18830	324	2656
232	18830	324	158
232	18830	324	1410
232	18830	324	2776
232	18830	324	116
232	18830	324	826
232	18830	324	1373
232	18830	324	327
232	18830	324	2659
232	18830	324	441
232	18830	324	1655
232	18830	324	2133
232	18830	324	38
177	18580	24	1
177	18580	24	2441
177	18580	24	1001
177	18580	24	70
177	18580	24	741
177	18580	24	679
177	18580	24	43
177	18580	24	755
177	18580	24	992
177	18580	24	2995
177	18580	24	352
177	18580	24	748
177	18580	24	577
177	18580	24	822
177	18580	24	626
177	18580	24	1538
177	18580	24	314
177	18580	24	1462
201	18680	124	22
201	18680	124	314
201	18680	124	1
201	18680	124	725
201	18680	124	43
201	18680	124	1611
201	18680	124	3203
201	18680	124	806
201	18680	124	42
201	18680	124	1407
201	18680	124	577
201	18680	124	1427
201	18680	124	626
222	18780	224	276
222	18780	224	38
222	18780	224	2276
222	18780	224	17
222	18780	224	2275
222	18780	224	102
222	18780	224	538
222	18780	224	805
222	18780	224	267
222	18780	224	1405
222	18780	224	3113
222	18780	224	3013
222	18780	224	320
222	18780	224	2438
222	18780	224	2419
222	18780	224	788
222	18780	224	996
222	18780	224	201
222	18780	224	1236
222	18780	224	619
222	18780	224	1503
198	18630	74	1385
198	18630	74	1
198	18630	74	3207
198	18630	74	212
198	18630	74	653
198	18630	74	2409
198	18630	74	362
198	18630	74	352
198	18630	74	667
198	18630	74	1847
198	18630	74	314
198	18630	74	43
198	18630	74	1450
198	18630	74	1427
198	18630	74	577
198	18630	74	626
198	18630	74	547
198	18630	74	636
198	18630	74	1273
212	18730	174	17
212	18730	174	2067
212	18730	174	732
212	18730	174	382
212	18730	174	314
212	18730	174	42
212	18730	174	267
212	18730	174	320
212	18730	174	751
212	18730	174	2363
212	18730	174	2085
212	18730	174	1580
212	18730	174	788
212	18730	174	1407
212	18730	174	1427
212	18730	174	43
212	18730	174	577
212	18730	174	619
212	18730	174	102
212	18730	174	1694
231	18830	274	116
231	18830	274	412
231	18830	274	441
231	18830	274	38
231	18830	274	1655
231	18830	274	2035
231	18830	274	3085
231	18830	274	1898
231	18830	274	2133
231	18830	274	1804
231	18830	274	327
231	18830	274	320
231	18830	274	1503
231	18830	274	577
231	18830	274	619
231	18830	274	26
231	18830	274	201
231	18830	274	1427
231	18830	274	133
189	18630	24	43
189	18630	24	362
189	18630	24	352
189	18630	24	1450
189	18630	24	626
189	18630	24	1687
189	18630	24	577
189	18630	24	547
189	18630	24	314
189	18630	24	1462
189	18630	24	636
189	18630	24	1273
209	18680	74	314
209	18680	74	43
209	18680	74	1427
209	18680	74	577
209	18680	74	626
209	18680	74	1
209	18680	74	1155
209	18680	74	636
209	18680	74	1273
209	18680	74	2252
209	18680	74	2537
209	18680	74	2793
209	18680	74	856
209	18680	74	198
209	18680	74	1958
209	18680	74	1274
209	18680	74	233
211	18730	124	42
211	18730	124	314
211	18730	124	1407
211	18730	124	577
211	18730	124	1427
211	18730	124	725
211	18730	124	1383
211	18730	124	648
211	18730	124	1694
211	18730	124	86
211	18730	124	1138
211	18730	124	856
211	18730	124	2145
211	18730	124	779
211	18730	124	204
211	18730	124	232
211	18730	124	2575
211	18730	124	2642
211	18730	124	329
211	18730	124	548
211	18730	124	3153
221	18780	174	320
221	18780	174	996
221	18780	174	102
221	18780	174	577
221	18780	174	314
221	18780	174	1427
221	18780	174	619
221	18780	174	1236
221	18780	174	17
221	18780	174	1407
221	18780	174	2630
221	18780	174	201
221	18780	174	1694
221	18780	174	422
221	18780	174	1508
221	18780	174	1791
221	18780	174	3033
230	18830	224	38
230	18830	224	201
230	18830	224	102
230	18830	224	1503
230	18830	224	320
230	18830	224	619
230	18830	224	306
230	18830	224	26
230	18830	224	81
230	18830	224	243
230	18830	224	1241
230	18830	224	3205
230	18830	224	2042
230	18830	224	2317
230	18830	224	2104
230	18830	224	3223
230	18830	224	710
230	18830	224	1971
230	18830	224	1275
230	18830	224	1984
230	18830	224	1185
238	18880	274	38
238	18880	274	619
238	18880	274	26
238	18880	274	1427
238	18880	274	802
238	18880	274	133
238	18880	274	1977
238	18880	274	2997
238	18880	274	1229
238	18880	274	243
238	18880	274	221
238	18880	274	1775
238	18880	274	1823
200	18680	24	314
200	18680	24	1273
200	18680	24	636
200	18680	24	1432
200	18680	24	121
200	18680	24	233
200	18680	24	1989
220	18780	124	1694
220	18780	124	314
220	18780	124	422
220	18780	124	11
220	18780	124	2734
220	18780	124	1791
220	18780	124	232
220	18780	124	779
220	18780	124	657
220	18780	124	692
220	18780	124	548
220	18780	124	1314
220	18780	124	1295
220	18780	124	3153
220	18780	124	2633
220	18780	124	2641
220	18780	124	1348
237	18880	224	26
237	18880	224	243
237	18880	224	201
237	18880	224	221
237	18880	224	1425
237	18880	224	1823
237	18880	224	1284
237	18880	224	1851
237	18880	224	1984
237	18880	224	1185
237	18880	224	1773
237	18880	224	3240
237	18880	224	5
237	18880	224	2254
237	18880	224	11
237	18880	224	2738
237	18880	224	1275
237	18880	224	2255
237	18880	224	3221
237	18880	224	2958
237	18880	224	3019
237	18880	224	374
237	18880	224	1113
218	18730	74	314
218	18730	74	856
218	18730	74	1274
218	18730	74	232
218	18730	74	198
218	18730	74	204
218	18730	74	329
218	18730	74	636
218	18730	74	1521
218	18730	74	233
218	18730	74	2642
218	18730	74	1790
218	18730	74	321
218	18730	74	66
218	18730	74	3044
218	18730	74	692
218	18730	74	1684
218	18730	74	2908
218	18730	74	3215
218	18730	74	1204
218	18730	74	2463
229	18830	174	201
229	18830	174	102
229	18830	174	320
229	18830	174	81
229	18830	174	314
229	18830	174	1002
229	18830	174	1508
229	18830	174	2653
229	18830	174	1971
229	18830	174	2825
229	18830	174	3033
229	18830	174	1275
229	18830	174	11
229	18830	174	2931
229	18830	174	2461
229	18830	174	1952
229	18830	174	993
229	18830	174	549
229	18830	174	2603
229	18830	174	5
210	18730	24	636
210	18730	24	233
210	18730	24	66
210	18730	24	2908
210	18730	24	121
210	18730	24	1204
210	18730	24	2566
210	18730	24	1539
210	18730	24	1144
210	18730	24	256
226	18780	74	232
226	18780	74	692
226	18780	74	2633
226	18780	74	321
226	18780	74	1684
226	18780	74	11
226	18780	74	3123
226	18780	74	66
226	18780	74	1783
226	18780	74	425
226	18780	74	2463
226	18780	74	348
226	18780	74	394
226	18780	74	2006
226	18780	74	617
228	18830	124	314
228	18830	124	11
228	18830	124	1076
228	18830	124	549
228	18830	124	1882
228	18830	124	657
228	18830	124	5
228	18830	124	425
228	18830	124	1348
228	18830	124	445
228	18830	124	853
228	18830	124	1747
228	18830	124	1524
228	18830	124	256
236	18880	174	1275
236	18880	174	1185
236	18880	174	11
236	18880	174	5
236	18880	174	2296
236	18880	174	2958
236	18880	174	1113
236	18880	174	841
236	18880	174	2808
236	18880	174	2415
236	18880	174	1154
236	18880	174	891
236	18880	174	2508
236	18880	174	2432
243	18930	224	26
243	18930	224	5
243	18930	224	374
243	18930	224	2715
243	18930	224	715
243	18930	224	1113
243	18930	224	2292
243	18930	224	1024
243	18930	224	2933
243	18930	224	82
219	18780	24	66
219	18780	24	321
219	18780	24	233
219	18780	24	1144
219	18780	24	11
219	18780	24	256
219	18780	24	2006
219	18780	24	348
219	18780	24	381
219	18780	24	2062
219	18780	24	617
219	18780	24	1330
219	18780	24	3051
219	18780	24	2019
219	18780	24	1009
235	18880	124	11
235	18880	124	5
235	18880	124	1154
235	18880	124	1237
235	18880	124	256
235	18880	124	891
235	18880	124	818
235	18880	124	855
235	18880	124	2527
235	18880	124	1079
235	18880	124	1401
235	18880	124	704
235	18880	124	3143
235	18880	124	1556
233	18830	74	11
233	18830	74	1348
233	18830	74	425
233	18830	74	394
233	18830	74	348
233	18830	74	256
233	18830	74	617
233	18830	74	1619
233	18830	74	2968
233	18830	74	163
233	18830	74	403
233	18830	74	2773
233	18830	74	2503
233	18830	74	2976
242	18930	174	5
242	18930	174	841
242	18930	174	1024
242	18930	174	11
242	18930	174	2432
242	18930	174	711
242	18930	174	1319
242	18930	174	82
242	18930	174	1428
242	18930	174	512
242	18930	174	1112
242	18930	174	1023
227	18830	24	617
227	18830	24	348
227	18830	24	1619
227	18830	24	321
227	18830	24	1009
227	18830	24	2019
227	18830	24	256
227	18830	24	2502
227	18830	24	1498
227	18830	24	505
227	18830	24	157
227	18830	24	3107
227	18830	24	162
239	18880	74	256
239	18880	74	163
239	18880	74	704
239	18880	74	316
239	18880	74	181
239	18880	74	1556
239	18880	74	5
239	18880	74	284
239	18880	74	268
239	18880	74	99
239	18880	74	2797
239	18880	74	2853
239	18880	74	1536
241	18930	124	11
241	18930	124	5
241	18930	124	1079
241	18930	124	181
241	18930	124	1023
241	18930	124	424
241	18930	124	277
241	18930	124	3143
241	18930	124	1196
241	18930	124	1246
241	18930	124	3255
241	18930	124	284
241	18930	124	3162
241	18930	124	211
247	18980	174	82
247	18980	174	5
247	18980	174	1712
247	18980	174	2628
247	18980	174	2778
247	18980	174	2368
247	18980	174	2120
234	18880	24	256
234	18880	24	157
234	18880	24	99
234	18880	24	411
234	18880	24	2853
234	18880	24	162
234	18880	24	2174
234	18880	24	3010
234	18880	24	1936
234	18880	24	654
234	18880	24	2952
234	18880	24	1337
234	18880	24	268
234	18880	24	948
234	18880	24	2935
234	18880	24	1262
234	18880	24	2530
246	18980	124	5
246	18980	124	181
246	18980	124	2298
246	18980	124	82
246	18980	124	3101
246	18980	124	284
246	18980	124	401
246	18980	124	2120
246	18980	124	600
246	18980	124	1954
246	18980	124	1382
246	18980	124	2228
246	18980	124	671
246	18980	124	3090
244	18930	74	5
244	18930	74	181
244	18930	74	284
244	18930	74	1196
244	18930	74	268
244	18930	74	3162
244	18930	74	2797
244	18930	74	211
244	18930	74	1536
244	18930	74	2314
244	18930	74	2267
244	18930	74	147
244	18930	74	1727
244	18930	74	2748
244	18930	74	1691
244	18930	74	2533
244	18930	74	754
240	18930	24	268
240	18930	24	1536
240	18930	24	2314
240	18930	24	99
240	18930	24	1727
240	18930	24	1337
240	18930	24	2748
240	18930	24	2935
240	18930	24	162
240	18930	24	284
240	18930	24	256
240	18930	24	147
240	18930	24	754
240	18930	24	629
240	18930	24	743
240	18930	24	401
240	18930	24	291
248	18980	74	284
248	18980	74	2267
248	18980	74	211
248	18980	74	1691
248	18980	74	401
248	18980	74	147
248	18980	74	525
248	18980	74	832
248	18980	74	5
248	18980	74	754
248	18980	74	1663
248	18980	74	52
248	18980	74	1097
248	18980	74	846
250	19030	124	5
250	19030	124	671
250	19030	124	722
250	19030	124	401
245	18980	24	147
245	18980	24	754
245	18980	24	629
245	18980	24	401
245	18980	24	52
245	18980	24	291
245	18980	24	758
245	18980	24	2334
245	18980	24	2376
251	19030	74	401
251	19030	74	5
251	19030	74	722
251	19030	74	846
251	19030	74	2334
251	19030	74	628
251	19030	74	1151
251	19030	74	813
251	19030	74	2215
249	19030	24	2334
249	19030	24	401
249	19030	24	52
249	19030	24	813
249	19030	24	5
249	19030	24	650
249	19030	24	64
249	19030	24	2397
249	19030	24	222
249	19030	24	1838
249	19030	24	341
249	19030	24	977
253	19080	74	722
253	19080	74	5
253	19080	74	64
253	19080	74	2890
253	19080	74	244
252	19080	24	5
252	19080	24	650
252	19080	24	64
252	19080	24	401
252	19080	24	244
252	19080	24	2548
252	19080	24	977
252	19080	24	3134
252	19080	24	1263
252	19080	24	1822
254	19130	24	64
254	19130	24	1263
254	19130	24	1883
254	19130	24	894
